Index,Title,Summary,words,sentences,filtered_words,pos_tags,entities,sentiment,lemmas
1,Sara Sharif family court judges named after appeal,Judges who oversaw Family Court hearings before Sara was murdered have been named after an appeal by the BBC and others.,"['Sara', 'Sharif', 'family', 'court', 'judges', 'named', 'after', 'appeal', 'Judges', 'who', 'oversaw', 'Family', 'Court', 'hearings', 'before', 'Sara', 'was', 'murdered', 'have', 'been', 'named', 'after', 'an', 'appeal', 'by', 'the', 'BBC', 'and', 'others', '.']",['Sara Sharif family court judges named after appeal Judges who oversaw Family Court hearings before Sara was murdered have been named after an appeal by the BBC and others.'],"['Sara', 'Sharif', 'family', 'court', 'judges', 'named', 'appeal', 'Judges', 'oversaw', 'Family', 'Court', 'hearings', 'Sara', 'murdered', 'named', 'appeal', 'BBC', 'others', '.']","[('Sara', 'NNP'), ('Sharif', 'NNP'), ('family', 'NN'), ('court', 'NN'), ('judges', 'NNS'), ('named', 'VBN'), ('appeal', 'JJ'), ('Judges', 'NNP'), ('oversaw', 'VBD'), ('Family', 'NNP'), ('Court', 'NNP'), ('hearings', 'NNS'), ('Sara', 'NNP'), ('murdered', 'VBD'), ('named', 'VBN'), ('appeal', 'NN'), ('BBC', 'NNP'), ('others', 'NNS'), ('.', '.')]","[('Sara Sharif', 'PERSON'), ('Family Court', 'ORG'), ('Sara', 'PERSON'), ('BBC', 'ORG')]",0.0,"['Sara', 'Sharif', 'family', 'court', 'judge', 'name', 'after', 'appeal', 'Judges', 'who', 'oversee', 'Family', 'Court', 'hearing', 'before', 'Sara', 'be', 'murder', 'have', 'be', 'name', 'after', 'an', 'appeal', 'by', 'the', 'BBC', 'and', 'other', '.']"
2,Woman's body found in search for missing sisters last seen in Aberdeen,Police say the family of Henrietta Huszti has been informed and the search for her sister Eliza continues.,"['Woman', ""'s"", 'body', 'found', 'in', 'search', 'for', 'missing', 'sisters', 'last', 'seen', 'in', 'Aberdeen', 'Police', 'say', 'the', 'family', 'of', 'Henrietta', 'Huszti', 'has', 'been', 'informed', 'and', 'the', 'search', 'for', 'her', 'sister', 'Eliza', 'continues', '.']","[""Woman's body found in search for missing sisters last seen in Aberdeen Police say the family of Henrietta Huszti has been informed and the search for her sister Eliza continues.""]","['Woman', ""'s"", 'body', 'found', 'search', 'missing', 'sisters', 'last', 'seen', 'Aberdeen', 'Police', 'say', 'family', 'Henrietta', 'Huszti', 'informed', 'search', 'sister', 'Eliza', 'continues', '.']","[('Woman', 'NNP'), (""'s"", 'POS'), ('body', 'NN'), ('found', 'VBD'), ('search', 'NN'), ('missing', 'VBG'), ('sisters', 'NNS'), ('last', 'JJ'), ('seen', 'VBN'), ('Aberdeen', 'JJ'), ('Police', 'NNP'), ('say', 'VBP'), ('family', 'NN'), ('Henrietta', 'NNP'), ('Huszti', 'NNP'), ('informed', 'VBD'), ('search', 'NN'), ('sister', 'NN'), ('Eliza', 'NNP'), ('continues', 'VBZ'), ('.', '.')]","[('Woman', 'ORG'), ('Aberdeen', 'GPE'), ('Henrietta Huszti', 'ORG'), ('Eliza', 'PERSON')]",-0.1,"['Woman', ""'s"", 'body', 'find', 'in', 'search', 'for', 'miss', 'sister', 'last', 'see', 'in', 'Aberdeen', 'Police', 'say', 'the', 'family', 'of', 'Henrietta', 'Huszti', 'have', 'be', 'inform', 'and', 'the', 'search', 'for', 'her', 'sister', 'Eliza', 'continue', '.']"
3,"Teenage skaters, a young pilot and a professor - the victims of DC plane crash",The victims of the mid-air collision include dedicated flight attendants and talented ice skaters.,"['Teenage', 'skaters', ',', 'a', 'young', 'pilot', 'and', 'a', 'professor', '-', 'the', 'victims', 'of', 'DC', 'plane', 'crash', 'The', 'victims', 'of', 'the', 'mid-air', 'collision', 'include', 'dedicated', 'flight', 'attendants', 'and', 'talented', 'ice', 'skaters', '.']","['Teenage skaters, a young pilot and a professor - the victims of DC plane crash The victims of the mid-air collision include dedicated flight attendants and talented ice skaters.']","['Teenage', 'skaters', ',', 'young', 'pilot', 'professor', '-', 'victims', 'DC', 'plane', 'crash', 'victims', 'mid-air', 'collision', 'include', 'dedicated', 'flight', 'attendants', 'talented', 'ice', 'skaters', '.']","[('Teenage', 'NN'), ('skaters', 'NNS'), (',', ','), ('young', 'JJ'), ('pilot', 'NN'), ('professor', 'IN'), ('-', ':'), ('victims', 'NNS'), ('DC', 'NNP'), ('plane', 'NN'), ('crash', 'NN'), ('victims', 'NNS'), ('mid-air', 'JJ'), ('collision', 'NN'), ('include', 'VBP'), ('dedicated', 'VBN'), ('flight', 'NN'), ('attendants', 'NNS'), ('talented', 'VBD'), ('ice', 'NN'), ('skaters', 'NNS'), ('.', '.')]","[('DC', 'GPE')]",0.26666666666666666,"['teenage', 'skater', ',', 'a', 'young', 'pilot', 'and', 'a', 'professor', '-', 'the', 'victim', 'of', 'DC', 'plane', 'crash', 'the', 'victim', 'of', 'the', 'mid', '-', 'air', 'collision', 'include', 'dedicated', 'flight', 'attendant', 'and', 'talented', 'ice', 'skater', '.']"
4,Prince Andrew emails show contact with Epstein lasted beyond 2010,Court documents suggest the two remained in touch beyond when the Duke of York said they stopped communicating.,"['Prince', 'Andrew', 'emails', 'show', 'contact', 'with', 'Epstein', 'lasted', 'beyond', '2010', 'Court', 'documents', 'suggest', 'the', 'two', 'remained', 'in', 'touch', 'beyond', 'when', 'the', 'Duke', 'of', 'York', 'said', 'they', 'stopped', 'communicating', '.']",['Prince Andrew emails show contact with Epstein lasted beyond 2010 Court documents suggest the two remained in touch beyond when the Duke of York said they stopped communicating.'],"['Prince', 'Andrew', 'emails', 'show', 'contact', 'Epstein', 'lasted', 'beyond', '2010', 'Court', 'documents', 'suggest', 'two', 'remained', 'touch', 'beyond', 'Duke', 'York', 'said', 'stopped', 'communicating', '.']","[('Prince', 'NNP'), ('Andrew', 'NNP'), ('emails', 'VBZ'), ('show', 'VBP'), ('contact', 'JJ'), ('Epstein', 'NNP'), ('lasted', 'VBD'), ('beyond', 'IN'), ('2010', 'CD'), ('Court', 'NNP'), ('documents', 'NNS'), ('suggest', 'VBP'), ('two', 'CD'), ('remained', 'VBD'), ('touch', 'JJ'), ('beyond', 'IN'), ('Duke', 'NNP'), ('York', 'NNP'), ('said', 'VBD'), ('stopped', 'JJ'), ('communicating', 'NN'), ('.', '.')]","[('Andrew', 'PERSON'), ('Epstein', 'PRODUCT'), ('2010', 'DATE'), ('two', 'CARDINAL'), ('the Duke of York', 'GPE')]",0.0,"['Prince', 'Andrew', 'email', 'show', 'contact', 'with', 'Epstein', 'last', 'beyond', '2010', 'Court', 'document', 'suggest', 'the', 'two', 'remain', 'in', 'touch', 'beyond', 'when', 'the', 'Duke', 'of', 'York', 'say', 'they', 'stop', 'communicate', '.']"
5,English farmland could be cut by 9% to hit green targets,The government's launches a consultation on converting farmland to woodland and wild habitats.,"['English', 'farmland', 'could', 'be', 'cut', 'by', '9', '%', 'to', 'hit', 'green', 'targets', 'The', 'government', ""'s"", 'launches', 'a', 'consultation', 'on', 'converting', 'farmland', 'to', 'woodland', 'and', 'wild', 'habitats', '.']","[""English farmland could be cut by 9% to hit green targets The government's launches a consultation on converting farmland to woodland and wild habitats.""]","['English', 'farmland', 'could', 'cut', '9', '%', 'hit', 'green', 'targets', 'government', ""'s"", 'launches', 'consultation', 'converting', 'farmland', 'woodland', 'wild', 'habitats', '.']","[('English', 'JJ'), ('farmland', 'NN'), ('could', 'MD'), ('cut', 'VB'), ('9', 'CD'), ('%', 'NN'), ('hit', 'VBD'), ('green', 'JJ'), ('targets', 'NNS'), ('government', 'NN'), (""'s"", 'POS'), ('launches', 'NNS'), ('consultation', 'NN'), ('converting', 'VBG'), ('farmland', 'NN'), ('woodland', 'NN'), ('wild', 'JJ'), ('habitats', 'NNS'), ('.', '.')]","[('English', 'LANGUAGE'), ('9%', 'PERCENT')]",-0.03333333333333333,"['english', 'farmland', 'could', 'be', 'cut', 'by', '9', '%', 'to', 'hit', 'green', 'target', 'the', 'government', ""'s"", 'launch', 'a', 'consultation', 'on', 'convert', 'farmland', 'to', 'woodland', 'and', 'wild', 'habitat', '.']"
6,Faisal Islam: The 'Iron Chancellor' will have to flex to get the growth she wants,"In choppy global seas, going for growth is going to require some tricky navigation - and it will make big domestic political waves too","['Faisal', 'Islam', ':', 'The', ""'Iron"", 'Chancellor', ""'"", 'will', 'have', 'to', 'flex', 'to', 'get', 'the', 'growth', 'she', 'wants', 'In', 'choppy', 'global', 'seas', ',', 'going', 'for', 'growth', 'is', 'going', 'to', 'require', 'some', 'tricky', 'navigation', '-', 'and', 'it', 'will', 'make', 'big', 'domestic', 'political', 'waves', 'too']","[""Faisal Islam: The 'Iron Chancellor' will have to flex to get the growth she wants In choppy global seas, going for growth is going to require some tricky navigation - and it will make big domestic political waves too""]","['Faisal', 'Islam', ':', ""'Iron"", 'Chancellor', ""'"", 'flex', 'get', 'growth', 'wants', 'choppy', 'global', 'seas', ',', 'going', 'growth', 'going', 'require', 'tricky', 'navigation', '-', 'make', 'big', 'domestic', 'political', 'waves']","[('Faisal', 'NNP'), ('Islam', 'NNP'), (':', ':'), (""'Iron"", 'CD'), ('Chancellor', 'NNP'), (""'"", 'POS'), ('flex', 'JJ'), ('get', 'NN'), ('growth', 'NN'), ('wants', 'VBZ'), ('choppy', 'JJ'), ('global', 'JJ'), ('seas', 'NN'), (',', ','), ('going', 'VBG'), ('growth', 'NN'), ('going', 'VBG'), ('require', 'VB'), ('tricky', 'JJ'), ('navigation', 'NN'), ('-', ':'), ('make', 'VBP'), ('big', 'JJ'), ('domestic', 'JJ'), ('political', 'JJ'), ('waves', 'NNS')]","[('Faisal Islam', 'PERSON')]",0.0,"['Faisal', 'Islam', ':', 'the', ""'"", 'Iron', 'Chancellor', ""'"", 'will', 'have', 'to', 'flex', 'to', 'get', 'the', 'growth', 'she', 'want', 'in', 'choppy', 'global', 'sea', ',', 'go', 'for', 'growth', 'be', 'go', 'to', 'require', 'some', 'tricky', 'navigation', '-', 'and', 'it', 'will', 'make', 'big', 'domestic', 'political', 'wave', 'too']"
7,Wine and spirits duty to rise but tax on a pint to fall,"A trade body calls the rise in alcohol tax a ""bitter blow"", but there is better news for pub-goers.","['Wine', 'and', 'spirits', 'duty', 'to', 'rise', 'but', 'tax', 'on', 'a', 'pint', 'to', 'fall', 'A', 'trade', 'body', 'calls', 'the', 'rise', 'in', 'alcohol', 'tax', 'a', '``', 'bitter', 'blow', ""''"", ',', 'but', 'there', 'is', 'better', 'news', 'for', 'pub-goers', '.']","['Wine and spirits duty to rise but tax on a pint to fall A trade body calls the rise in alcohol tax a ""bitter blow"", but there is better news for pub-goers.']","['Wine', 'spirits', 'duty', 'rise', 'tax', 'pint', 'fall', 'trade', 'body', 'calls', 'rise', 'alcohol', 'tax', '``', 'bitter', 'blow', ""''"", ',', 'better', 'news', 'pub-goers', '.']","[('Wine', 'JJ'), ('spirits', 'NNS'), ('duty', 'VBP'), ('rise', 'NN'), ('tax', 'NN'), ('pint', 'NN'), ('fall', 'NN'), ('trade', 'NN'), ('body', 'NN'), ('calls', 'VBZ'), ('rise', 'NN'), ('alcohol', 'NN'), ('tax', 'NN'), ('``', '``'), ('bitter', 'JJ'), ('blow', 'NN'), (""''"", ""''""), (',', ','), ('better', 'JJR'), ('news', 'NN'), ('pub-goers', 'NNS'), ('.', '.')]",[],0.2,"['wine', 'and', 'spirit', 'duty', 'to', 'rise', 'but', 'tax', 'on', 'a', 'pint', 'to', 'fall', 'a', 'trade', 'body', 'call', 'the', 'rise', 'in', 'alcohol', 'tax', 'a', '""', 'bitter', 'blow', '""', ',', 'but', 'there', 'be', 'well', 'news', 'for', 'pub', '-', 'goer', '.']"
8,Ukrainians can bring children to UK as visa changes reversed,Charities say changes brought in without notice last February left families torn apart.,"['Ukrainians', 'can', 'bring', 'children', 'to', 'UK', 'as', 'visa', 'changes', 'reversed', 'Charities', 'say', 'changes', 'brought', 'in', 'without', 'notice', 'last', 'February', 'left', 'families', 'torn', 'apart', '.']",['Ukrainians can bring children to UK as visa changes reversed Charities say changes brought in without notice last February left families torn apart.'],"['Ukrainians', 'bring', 'children', 'UK', 'visa', 'changes', 'reversed', 'Charities', 'say', 'changes', 'brought', 'without', 'notice', 'last', 'February', 'left', 'families', 'torn', 'apart', '.']","[('Ukrainians', 'NNS'), ('bring', 'VBP'), ('children', 'NNS'), ('UK', 'NNP'), ('visa', 'NN'), ('changes', 'NNS'), ('reversed', 'VBD'), ('Charities', 'NNS'), ('say', 'VBP'), ('changes', 'NNS'), ('brought', 'VBD'), ('without', 'IN'), ('notice', 'NN'), ('last', 'JJ'), ('February', 'NNP'), ('left', 'VBD'), ('families', 'NNS'), ('torn', 'JJ'), ('apart', 'RB'), ('.', '.')]","[('Ukrainians', 'NORP'), ('UK', 'GPE'), ('Charities', 'ORG'), ('last February', 'DATE')]",0.0,"['Ukrainians', 'can', 'bring', 'child', 'to', 'UK', 'as', 'visa', 'change', 'reverse', 'charity', 'say', 'change', 'bring', 'in', 'without', 'notice', 'last', 'February', 'leave', 'family', 'tear', 'apart', '.']"
9,Five key impacts of Brexit five years on,The UK left the European Union on 31 January 2020.,"['Five', 'key', 'impacts', 'of', 'Brexit', 'five', 'years', 'on', 'The', 'UK', 'left', 'the', 'European', 'Union', 'on', '31', 'January', '2020', '.']",['Five key impacts of Brexit five years on The UK left the European Union on 31 January 2020.'],"['Five', 'key', 'impacts', 'Brexit', 'five', 'years', 'UK', 'left', 'European', 'Union', '31', 'January', '2020', '.']","[('Five', 'CD'), ('key', 'JJ'), ('impacts', 'NNS'), ('Brexit', 'NNP'), ('five', 'CD'), ('years', 'NNS'), ('UK', 'NNP'), ('left', 'VBD'), ('European', 'NNP'), ('Union', 'NNP'), ('31', 'CD'), ('January', 'NNP'), ('2020', 'CD'), ('.', '.')]","[('Five', 'CARDINAL'), ('Brexit', 'GPE'), ('five years', 'DATE'), ('UK', 'GPE'), ('the European Union', 'ORG'), ('31 January 2020', 'DATE')]",0.0,"['five', 'key', 'impact', 'of', 'Brexit', 'five', 'year', 'on', 'the', 'UK', 'leave', 'the', 'European', 'Union', 'on', '31', 'January', '2020', '.']"
10,"Father of youngest hostage among three men to be released on Saturday, Hamas says",Yarden Bibas and two others will be exchanged for more Palestinian prisoners in the fourth swap since the ceasefire began.,"['Father', 'of', 'youngest', 'hostage', 'among', 'three', 'men', 'to', 'be', 'released', 'on', 'Saturday', ',', 'Hamas', 'says', 'Yarden', 'Bibas', 'and', 'two', 'others', 'will', 'be', 'exchanged', 'for', 'more', 'Palestinian', 'prisoners', 'in', 'the', 'fourth', 'swap', 'since', 'the', 'ceasefire', 'began', '.']","['Father of youngest hostage among three men to be released on Saturday, Hamas says Yarden Bibas and two others will be exchanged for more Palestinian prisoners in the fourth swap since the ceasefire began.']","['Father', 'youngest', 'hostage', 'among', 'three', 'men', 'released', 'Saturday', ',', 'Hamas', 'says', 'Yarden', 'Bibas', 'two', 'others', 'exchanged', 'Palestinian', 'prisoners', 'fourth', 'swap', 'since', 'ceasefire', 'began', '.']","[('Father', 'NNP'), ('youngest', 'JJS'), ('hostage', 'NN'), ('among', 'IN'), ('three', 'CD'), ('men', 'NNS'), ('released', 'VBN'), ('Saturday', 'NNP'), (',', ','), ('Hamas', 'NNP'), ('says', 'VBZ'), ('Yarden', 'NNP'), ('Bibas', 'NNP'), ('two', 'CD'), ('others', 'NNS'), ('exchanged', 'VBD'), ('Palestinian', 'JJ'), ('prisoners', 'NNS'), ('fourth', 'JJ'), ('swap', 'NN'), ('since', 'IN'), ('ceasefire', 'NN'), ('began', 'VBD'), ('.', '.')]","[('three', 'CARDINAL'), ('Saturday', 'DATE'), ('Hamas', 'ORG'), ('Yarden Bibas', 'PERSON'), ('two', 'CARDINAL'), ('Palestinian', 'NORP'), ('fourth', 'ORDINAL')]",0.25,"['Father', 'of', 'young', 'hostage', 'among', 'three', 'man', 'to', 'be', 'release', 'on', 'Saturday', ',', 'Hamas', 'say', 'Yarden', 'Bibas', 'and', 'two', 'other', 'will', 'be', 'exchange', 'for', 'more', 'palestinian', 'prisoner', 'in', 'the', 'fourth', 'swap', 'since', 'the', 'ceasefire', 'begin', '.']"
11,EuroMillions £84.3m jackpot goes unclaimed for a week,"The National Lottery operator says it is ""very unusual"" for such a large prize to go unclaimed this long.","['EuroMillions', '£84.3m', 'jackpot', 'goes', 'unclaimed', 'for', 'a', 'week', 'The', 'National', 'Lottery', 'operator', 'says', 'it', 'is', '``', 'very', 'unusual', ""''"", 'for', 'such', 'a', 'large', 'prize', 'to', 'go', 'unclaimed', 'this', 'long', '.']","['EuroMillions £84.3m jackpot goes unclaimed for a week The National Lottery operator says it is ""very unusual"" for such a large prize to go unclaimed this long.']","['EuroMillions', '£84.3m', 'jackpot', 'goes', 'unclaimed', 'week', 'National', 'Lottery', 'operator', 'says', '``', 'unusual', ""''"", 'large', 'prize', 'go', 'unclaimed', 'long', '.']","[('EuroMillions', 'NNS'), ('£84.3m', 'VBP'), ('jackpot', 'NN'), ('goes', 'VBZ'), ('unclaimed', 'JJ'), ('week', 'NN'), ('National', 'NNP'), ('Lottery', 'NNP'), ('operator', 'NN'), ('says', 'VBZ'), ('``', '``'), ('unusual', 'JJ'), (""''"", ""''""), ('large', 'JJ'), ('prize', 'NN'), ('go', 'NNS'), ('unclaimed', 'JJ'), ('long', 'RB'), ('.', '.')]","[('84.3', 'MONEY'), ('a week', 'DATE'), ('National Lottery', 'ORG')]",0.10607142857142858,"['EuroMillions', '£', '84.3', 'm', 'jackpot', 'go', 'unclaimed', 'for', 'a', 'week', 'the', 'National', 'Lottery', 'operator', 'say', 'it', 'be', '""', 'very', 'unusual', '""', 'for', 'such', 'a', 'large', 'prize', 'to', 'go', 'unclaimed', 'this', 'long', '.']"
12,The investigation: What we know so far,"Sixty-seven people are believed to have died in Wednesday's disaster, which is being investigated.","['The', 'investigation', ':', 'What', 'we', 'know', 'so', 'far', 'Sixty-seven', 'people', 'are', 'believed', 'to', 'have', 'died', 'in', 'Wednesday', ""'s"", 'disaster', ',', 'which', 'is', 'being', 'investigated', '.']","[""The investigation: What we know so far Sixty-seven people are believed to have died in Wednesday's disaster, which is being investigated.""]","['investigation', ':', 'know', 'far', 'Sixty-seven', 'people', 'believed', 'died', 'Wednesday', ""'s"", 'disaster', ',', 'investigated', '.']","[('investigation', 'NN'), (':', ':'), ('know', 'VB'), ('far', 'RB'), ('Sixty-seven', 'JJ'), ('people', 'NNS'), ('believed', 'VBD'), ('died', 'JJ'), ('Wednesday', 'NNP'), (""'s"", 'POS'), ('disaster', 'NN'), (',', ','), ('investigated', 'VBN'), ('.', '.')]","[('Sixty-seven', 'PRODUCT'), ('Wednesday', 'DATE')]",0.1,"['the', 'investigation', ':', 'what', 'we', 'know', 'so', 'far', 'sixty', '-', 'seven', 'people', 'be', 'believe', 'to', 'have', 'die', 'in', 'Wednesday', ""'s"", 'disaster', ',', 'which', 'be', 'be', 'investigate', '.']"
13,Combative Trump blames diversity policies,"The president started his White House news conference as ""consoler-in-chief"" but then pivoted into unevidenced political blame, writes the BBC's Anthony Zurcher.","['Combative', 'Trump', 'blames', 'diversity', 'policies', 'The', 'president', 'started', 'his', 'White', 'House', 'news', 'conference', 'as', '``', 'consoler-in-chief', ""''"", 'but', 'then', 'pivoted', 'into', 'unevidenced', 'political', 'blame', ',', 'writes', 'the', 'BBC', ""'s"", 'Anthony', 'Zurcher', '.']","['Combative Trump blames diversity policies The president started his White House news conference as ""consoler-in-chief"" but then pivoted into unevidenced political blame, writes the BBC\'s Anthony Zurcher.']","['Combative', 'Trump', 'blames', 'diversity', 'policies', 'president', 'started', 'White', 'House', 'news', 'conference', '``', 'consoler-in-chief', ""''"", 'pivoted', 'unevidenced', 'political', 'blame', ',', 'writes', 'BBC', ""'s"", 'Anthony', 'Zurcher', '.']","[('Combative', 'JJ'), ('Trump', 'NNP'), ('blames', 'VBZ'), ('diversity', 'JJ'), ('policies', 'NNS'), ('president', 'NN'), ('started', 'VBD'), ('White', 'NNP'), ('House', 'NNP'), ('news', 'NN'), ('conference', 'NN'), ('``', '``'), ('consoler-in-chief', 'JJ'), (""''"", ""''""), ('pivoted', 'VBD'), ('unevidenced', 'JJ'), ('political', 'JJ'), ('blame', 'NN'), (',', ','), ('writes', 'VBZ'), ('BBC', 'NNP'), (""'s"", 'POS'), ('Anthony', 'NNP'), ('Zurcher', 'NNP'), ('.', '.')]","[('White House', 'ORG'), ('BBC', 'ORG'), ('Anthony Zurcher', 'PERSON')]",0.0,"['Combative', 'Trump', 'blame', 'diversity', 'policy', 'the', 'president', 'start', 'his', 'White', 'House', 'news', 'conference', 'as', '""', 'consoler', '-', 'in', '-', 'chief', '""', 'but', 'then', 'pivot', 'into', 'unevidenced', 'political', 'blame', ',', 'write', 'the', 'BBC', ""'s"", 'Anthony', 'Zurcher', '.']"
14,The questions that need to be answered,The BBC's Analysis Editor Ros Atkins on the unanswered questions around a fatal crash between a commercial airplane and a military helicopter near Washington DC.,"['The', 'questions', 'that', 'need', 'to', 'be', 'answered', 'The', 'BBC', ""'s"", 'Analysis', 'Editor', 'Ros', 'Atkins', 'on', 'the', 'unanswered', 'questions', 'around', 'a', 'fatal', 'crash', 'between', 'a', 'commercial', 'airplane', 'and', 'a', 'military', 'helicopter', 'near', 'Washington', 'DC', '.']","[""The questions that need to be answered The BBC's Analysis Editor Ros Atkins on the unanswered questions around a fatal crash between a commercial airplane and a military helicopter near Washington DC.""]","['questions', 'need', 'answered', 'BBC', ""'s"", 'Analysis', 'Editor', 'Ros', 'Atkins', 'unanswered', 'questions', 'around', 'fatal', 'crash', 'commercial', 'airplane', 'military', 'helicopter', 'near', 'Washington', 'DC', '.']","[('questions', 'NNS'), ('need', 'VBP'), ('answered', 'JJ'), ('BBC', 'NNP'), (""'s"", 'POS'), ('Analysis', 'NNP'), ('Editor', 'NNP'), ('Ros', 'NNP'), ('Atkins', 'NNP'), ('unanswered', 'JJ'), ('questions', 'NNS'), ('around', 'IN'), ('fatal', 'JJ'), ('crash', 'NN'), ('commercial', 'JJ'), ('airplane', 'NN'), ('military', 'JJ'), ('helicopter', 'NN'), ('near', 'IN'), ('Washington', 'NNP'), ('DC', 'NNP'), ('.', '.')]","[('BBC', 'ORG'), ('Analysis', 'PRODUCT'), ('Ros Atkins', 'PERSON'), ('Washington DC', 'GPE')]",-0.025,"['the', 'question', 'that', 'need', 'to', 'be', 'answer', 'the', 'BBC', ""'s"", 'Analysis', 'Editor', 'Ros', 'Atkins', 'on', 'the', 'unanswered', 'question', 'around', 'a', 'fatal', 'crash', 'between', 'a', 'commercial', 'airplane', 'and', 'a', 'military', 'helicopter', 'near', 'Washington', 'DC', '.']"
15,How flights are controlled in DC's heavily restricted airspace,Experts say the deadly incident poses grave questions about how a collision was able to happen over the US capital.,"['How', 'flights', 'are', 'controlled', 'in', 'DC', ""'s"", 'heavily', 'restricted', 'airspace', 'Experts', 'say', 'the', 'deadly', 'incident', 'poses', 'grave', 'questions', 'about', 'how', 'a', 'collision', 'was', 'able', 'to', 'happen', 'over', 'the', 'US', 'capital', '.']","[""How flights are controlled in DC's heavily restricted airspace Experts say the deadly incident poses grave questions about how a collision was able to happen over the US capital.""]","['flights', 'controlled', 'DC', ""'s"", 'heavily', 'restricted', 'airspace', 'Experts', 'say', 'deadly', 'incident', 'poses', 'grave', 'questions', 'collision', 'able', 'happen', 'US', 'capital', '.']","[('flights', 'NNS'), ('controlled', 'VBD'), ('DC', 'NNP'), (""'s"", 'POS'), ('heavily', 'RB'), ('restricted', 'VBN'), ('airspace', 'NN'), ('Experts', 'NNS'), ('say', 'VBP'), ('deadly', 'RB'), ('incident', 'JJ'), ('poses', 'NNS'), ('grave', 'VBP'), ('questions', 'NNS'), ('collision', 'NN'), ('able', 'JJ'), ('happen', 'VB'), ('US', 'NNP'), ('capital', 'NN'), ('.', '.')]","[('DC', 'GPE'), ('US', 'GPE')]",0.033333333333333326,"['how', 'flight', 'be', 'control', 'in', 'DC', ""'s"", 'heavily', 'restrict', 'airspace', 'expert', 'say', 'the', 'deadly', 'incident', 'pose', 'grave', 'question', 'about', 'how', 'a', 'collision', 'be', 'able', 'to', 'happen', 'over', 'the', 'US', 'capital', '.']"
16,The best moments and pictures as Billie Eilish and other stars play benefit show for LA,"The concert, which also featured Dr Dre and Pink, took place to help raise funds to rebuild the LA area.","['The', 'best', 'moments', 'and', 'pictures', 'as', 'Billie', 'Eilish', 'and', 'other', 'stars', 'play', 'benefit', 'show', 'for', 'LA', 'The', 'concert', ',', 'which', 'also', 'featured', 'Dr', 'Dre', 'and', 'Pink', ',', 'took', 'place', 'to', 'help', 'raise', 'funds', 'to', 'rebuild', 'the', 'LA', 'area', '.']","['The best moments and pictures as Billie Eilish and other stars play benefit show for LA The concert, which also featured Dr Dre and Pink, took place to help raise funds to rebuild the LA area.']","['best', 'moments', 'pictures', 'Billie', 'Eilish', 'stars', 'play', 'benefit', 'show', 'LA', 'concert', ',', 'also', 'featured', 'Dr', 'Dre', 'Pink', ',', 'took', 'place', 'help', 'raise', 'funds', 'rebuild', 'LA', 'area', '.']","[('best', 'JJS'), ('moments', 'NNS'), ('pictures', 'VBZ'), ('Billie', 'NNP'), ('Eilish', 'NNP'), ('stars', 'NNS'), ('play', 'VBP'), ('benefit', 'VB'), ('show', 'NN'), ('LA', 'NNP'), ('concert', 'NN'), (',', ','), ('also', 'RB'), ('featured', 'VBD'), ('Dr', 'NNP'), ('Dre', 'NNP'), ('Pink', 'NNP'), (',', ','), ('took', 'VBD'), ('place', 'NN'), ('help', 'NN'), ('raise', 'VB'), ('funds', 'NNS'), ('rebuild', 'JJ'), ('LA', 'NNP'), ('area', 'NN'), ('.', '.')]","[('Billie Eilish', 'PERSON'), ('LA', 'GPE'), ('Dr Dre', 'ORG'), ('LA', 'GPE')]",0.25833333333333336,"['the', 'good', 'moment', 'and', 'picture', 'as', 'Billie', 'Eilish', 'and', 'other', 'star', 'play', 'benefit', 'show', 'for', 'LA', 'the', 'concert', ',', 'which', 'also', 'feature', 'Dr', 'Dre', 'and', 'Pink', ',', 'take', 'place', 'to', 'help', 'raise', 'fund', 'to', 'rebuild', 'the', 'LA', 'area', '.']"
17,Fixing a historic Wales rugby shirt after being ruined through a wash,A worried Karen Richards contacted The Repair Shop to restore the jersey worn by her late father-in-law against France in 1960.,"['Fixing', 'a', 'historic', 'Wales', 'rugby', 'shirt', 'after', 'being', 'ruined', 'through', 'a', 'wash', 'A', 'worried', 'Karen', 'Richards', 'contacted', 'The', 'Repair', 'Shop', 'to', 'restore', 'the', 'jersey', 'worn', 'by', 'her', 'late', 'father-in-law', 'against', 'France', 'in', '1960', '.']",['Fixing a historic Wales rugby shirt after being ruined through a wash A worried Karen Richards contacted The Repair Shop to restore the jersey worn by her late father-in-law against France in 1960.'],"['Fixing', 'historic', 'Wales', 'rugby', 'shirt', 'ruined', 'wash', 'worried', 'Karen', 'Richards', 'contacted', 'Repair', 'Shop', 'restore', 'jersey', 'worn', 'late', 'father-in-law', 'France', '1960', '.']","[('Fixing', 'VBG'), ('historic', 'JJ'), ('Wales', 'NNP'), ('rugby', 'NN'), ('shirt', 'NN'), ('ruined', 'VBD'), ('wash', 'WP'), ('worried', 'VBD'), ('Karen', 'NNP'), ('Richards', 'NNP'), ('contacted', 'VBD'), ('Repair', 'NNP'), ('Shop', 'NNP'), ('restore', 'NN'), ('jersey', 'NN'), ('worn', 'JJ'), ('late', 'JJ'), ('father-in-law', 'NN'), ('France', 'NNP'), ('1960', 'CD'), ('.', '.')]","[('Wales', 'ORG'), ('Karen Richards', 'PERSON'), ('The Repair Shop', 'ORG'), ('France', 'GPE'), ('1960', 'DATE')]",-0.15,"['fix', 'a', 'historic', 'Wales', 'rugby', 'shirt', 'after', 'be', 'ruin', 'through', 'a', 'wash', 'a', 'worried', 'Karen', 'Richards', 'contact', 'the', 'Repair', 'Shop', 'to', 'restore', 'the', 'jersey', 'wear', 'by', 'her', 'late', 'father', '-', 'in', '-', 'law', 'against', 'France', 'in', '1960', '.']"
18,The search for Ukraine's missing: 'No one could have foreseen this nightmare',"Ukraine has listed more than 61,000 people as missing since 2022 - one daughter shares her heartbreaking story","['The', 'search', 'for', 'Ukraine', ""'s"", 'missing', ':', ""'No"", 'one', 'could', 'have', 'foreseen', 'this', 'nightmare', ""'"", 'Ukraine', 'has', 'listed', 'more', 'than', '61,000', 'people', 'as', 'missing', 'since', '2022', '-', 'one', 'daughter', 'shares', 'her', 'heartbreaking', 'story']","[""The search for Ukraine's missing: 'No one could have foreseen this nightmare' Ukraine has listed more than 61,000 people as missing since 2022 - one daughter shares her heartbreaking story""]","['search', 'Ukraine', ""'s"", 'missing', ':', ""'No"", 'one', 'could', 'foreseen', 'nightmare', ""'"", 'Ukraine', 'listed', '61,000', 'people', 'missing', 'since', '2022', '-', 'one', 'daughter', 'shares', 'heartbreaking', 'story']","[('search', 'NN'), ('Ukraine', 'NNP'), (""'s"", 'POS'), ('missing', 'NN'), (':', ':'), (""'No"", 'CC'), ('one', 'CD'), ('could', 'MD'), ('foreseen', 'VB'), ('nightmare', 'NN'), (""'"", ""''""), ('Ukraine', 'NNP'), ('listed', 'VBD'), ('61,000', 'CD'), ('people', 'NNS'), ('missing', 'VBG'), ('since', 'IN'), ('2022', 'CD'), ('-', ':'), ('one', 'CD'), ('daughter', 'NN'), ('shares', 'NNS'), ('heartbreaking', 'VBG'), ('story', 'NN')]","[('Ukraine', 'GPE'), ('Ukraine', 'GPE'), ('more than 61,000', 'CARDINAL'), ('2022 - one', 'DATE')]",0.033333333333333326,"['the', 'search', 'for', 'Ukraine', ""'s"", 'missing', ':', ""'"", 'no', 'one', 'could', 'have', 'foresee', 'this', 'nightmare', ""'"", 'Ukraine', 'have', 'list', 'more', 'than', '61,000', 'people', 'as', 'missing', 'since', '2022', '-', 'one', 'daughter', 'share', 'her', 'heartbreaking', 'story']"
19,Lily-Rose Depp and Dua Lipa do Chanel: The best of Paris Haute Couture Week,"The biggest names in fashion unveil their new collections, with a host of celebrities on hand.","['Lily-Rose', 'Depp', 'and', 'Dua', 'Lipa', 'do', 'Chanel', ':', 'The', 'best', 'of', 'Paris', 'Haute', 'Couture', 'Week', 'The', 'biggest', 'names', 'in', 'fashion', 'unveil', 'their', 'new', 'collections', ',', 'with', 'a', 'host', 'of', 'celebrities', 'on', 'hand', '.']","['Lily-Rose Depp and Dua Lipa do Chanel: The best of Paris Haute Couture Week The biggest names in fashion unveil their new collections, with a host of celebrities on hand.']","['Lily-Rose', 'Depp', 'Dua', 'Lipa', 'Chanel', ':', 'best', 'Paris', 'Haute', 'Couture', 'Week', 'biggest', 'names', 'fashion', 'unveil', 'new', 'collections', ',', 'host', 'celebrities', 'hand', '.']","[('Lily-Rose', 'JJ'), ('Depp', 'NNP'), ('Dua', 'NNP'), ('Lipa', 'NNP'), ('Chanel', 'NNP'), (':', ':'), ('best', 'JJS'), ('Paris', 'NNP'), ('Haute', 'NNP'), ('Couture', 'NNP'), ('Week', 'NNP'), ('biggest', 'JJS'), ('names', 'NNS'), ('fashion', 'NN'), ('unveil', 'IN'), ('new', 'JJ'), ('collections', 'NNS'), (',', ','), ('host', 'NN'), ('celebrities', 'NNS'), ('hand', 'NN'), ('.', '.')]","[('Lily-Rose Depp and Dua Lipa', 'ORG'), ('Chanel', 'ORG'), ('Paris Haute Couture Week', 'ORG')]",0.5681818181818181,"['Lily', '-', 'Rose', 'Depp', 'and', 'Dua', 'Lipa', 'do', 'Chanel', ':', 'the', 'good', 'of', 'Paris', 'Haute', 'Couture', 'week', 'the', 'big', 'name', 'in', 'fashion', 'unveil', 'their', 'new', 'collection', ',', 'with', 'a', 'host', 'of', 'celebrity', 'on', 'hand', '.']"
20,Weekly quiz: What is the newest member of the Royal Family called?,How much attention did you pay to what has been going on in the world over the past seven days?,"['Weekly', 'quiz', ':', 'What', 'is', 'the', 'newest', 'member', 'of', 'the', 'Royal', 'Family', 'called', '?', 'How', 'much', 'attention', 'did', 'you', 'pay', 'to', 'what', 'has', 'been', 'going', 'on', 'in', 'the', 'world', 'over', 'the', 'past', 'seven', 'days', '?']","['Weekly quiz: What is the newest member of the Royal Family called?', 'How much attention did you pay to what has been going on in the world over the past seven days?']","['Weekly', 'quiz', ':', 'newest', 'member', 'Royal', 'Family', 'called', '?', 'much', 'attention', 'pay', 'going', 'world', 'past', 'seven', 'days', '?']","[('Weekly', 'JJ'), ('quiz', 'NN'), (':', ':'), ('newest', 'JJ'), ('member', 'NN'), ('Royal', 'NNP'), ('Family', 'NNP'), ('called', 'VBD'), ('?', '.'), ('much', 'JJ'), ('attention', 'NN'), ('pay', 'NN'), ('going', 'VBG'), ('world', 'NN'), ('past', 'IN'), ('seven', 'CD'), ('days', 'NNS'), ('?', '.')]","[('the Royal Family', 'ORG'), ('the past seven days', 'DATE')]",-0.024999999999999994,"['weekly', 'quiz', ':', 'what', 'be', 'the', 'new', 'member', 'of', 'the', 'Royal', 'Family', 'call', '?', 'how', 'much', 'attention', 'do', 'you', 'pay', 'to', 'what', 'have', 'be', 'go', 'on', 'in', 'the', 'world', 'over', 'the', 'past', 'seven', 'day', '?']"
21,Suspended engineer accused of forging fire safety certificates for high-rise flats,Buyers say they’ve had mortgage offers withdrawn on flats with safety certificates issued by the man’s firm.,"['Suspended', 'engineer', 'accused', 'of', 'forging', 'fire', 'safety', 'certificates', 'for', 'high-rise', 'flats', 'Buyers', 'say', 'they', '’', 've', 'had', 'mortgage', 'offers', 'withdrawn', 'on', 'flats', 'with', 'safety', 'certificates', 'issued', 'by', 'the', 'man', '’', 's', 'firm', '.']",['Suspended engineer accused of forging fire safety certificates for high-rise flats Buyers say they’ve had mortgage offers withdrawn on flats with safety certificates issued by the man’s firm.'],"['Suspended', 'engineer', 'accused', 'forging', 'fire', 'safety', 'certificates', 'high-rise', 'flats', 'Buyers', 'say', '’', 'mortgage', 'offers', 'withdrawn', 'flats', 'safety', 'certificates', 'issued', 'man', '’', 'firm', '.']","[('Suspended', 'VBN'), ('engineer', 'NN'), ('accused', 'VBD'), ('forging', 'VBG'), ('fire', 'NN'), ('safety', 'NN'), ('certificates', 'NNS'), ('high-rise', 'JJ'), ('flats', 'JJ'), ('Buyers', 'NNS'), ('say', 'VBP'), ('’', 'JJ'), ('mortgage', 'NN'), ('offers', 'NNS'), ('withdrawn', 'VBP'), ('flats', 'NNS'), ('safety', 'NN'), ('certificates', 'NNS'), ('issued', 'VBN'), ('man', 'NN'), ('’', 'JJ'), ('firm', 'NN'), ('.', '.')]",[],-0.05,"['suspend', 'engineer', 'accuse', 'of', 'forge', 'fire', 'safety', 'certificate', 'for', 'high', '-', 'rise', 'flat', 'buyer', 'say', 'they', '’ve', 'have', 'mortgage', 'offer', 'withdraw', 'on', 'flat', 'with', 'safety', 'certificate', 'issue', 'by', 'the', 'man', '’s', 'firm', '.']"
22,"Home Office response to violence against women and girls ineffective, says watchdog","The government's spending watchdog finds the Home Office has ""not led an effective response"".","['Home', 'Office', 'response', 'to', 'violence', 'against', 'women', 'and', 'girls', 'ineffective', ',', 'says', 'watchdog', 'The', 'government', ""'s"", 'spending', 'watchdog', 'finds', 'the', 'Home', 'Office', 'has', '``', 'not', 'led', 'an', 'effective', 'response', ""''"", '.']","['Home Office response to violence against women and girls ineffective, says watchdog The government\'s spending watchdog finds the Home Office has ""not led an effective response"".']","['Home', 'Office', 'response', 'violence', 'women', 'girls', 'ineffective', ',', 'says', 'watchdog', 'government', ""'s"", 'spending', 'watchdog', 'finds', 'Home', 'Office', '``', 'led', 'effective', 'response', ""''"", '.']","[('Home', 'NNP'), ('Office', 'NNP'), ('response', 'NN'), ('violence', 'NN'), ('women', 'NNS'), ('girls', 'NNS'), ('ineffective', 'JJ'), (',', ','), ('says', 'VBZ'), ('watchdog', 'JJ'), ('government', 'NN'), (""'s"", 'POS'), ('spending', 'NN'), ('watchdog', 'NN'), ('finds', 'VBZ'), ('Home', 'NNP'), ('Office', 'NNP'), ('``', '``'), ('led', 'VBD'), ('effective', 'JJ'), ('response', 'NN'), (""''"", ""''""), ('.', '.')]","[('Home Office', 'ORG'), ('the Home Office', 'ORG')]",0.6,"['Home', 'Office', 'response', 'to', 'violence', 'against', 'woman', 'and', 'girl', 'ineffective', ',', 'say', 'watchdog', 'the', 'government', ""'s"", 'spending', 'watchdog', 'find', 'the', 'Home', 'Office', 'have', '""', 'not', 'lead', 'an', 'effective', 'response', '""', '.']"
23,Natalie Cassidy to leave EastEnders after 32 years,"The actress will leave the soap in February, more than three decades after her first appearance.","['Natalie', 'Cassidy', 'to', 'leave', 'EastEnders', 'after', '32', 'years', 'The', 'actress', 'will', 'leave', 'the', 'soap', 'in', 'February', ',', 'more', 'than', 'three', 'decades', 'after', 'her', 'first', 'appearance', '.']","['Natalie Cassidy to leave EastEnders after 32 years The actress will leave the soap in February, more than three decades after her first appearance.']","['Natalie', 'Cassidy', 'leave', 'EastEnders', '32', 'years', 'actress', 'leave', 'soap', 'February', ',', 'three', 'decades', 'first', 'appearance', '.']","[('Natalie', 'NNP'), ('Cassidy', 'NNP'), ('leave', 'VBP'), ('EastEnders', 'NNP'), ('32', 'CD'), ('years', 'NNS'), ('actress', 'RB'), ('leave', 'VBP'), ('soap', 'NN'), ('February', 'NNP'), (',', ','), ('three', 'CD'), ('decades', 'NNS'), ('first', 'JJ'), ('appearance', 'NN'), ('.', '.')]","[('Natalie Cassidy', 'PERSON'), ('EastEnders', 'ORG'), ('32 years', 'DATE'), ('February', 'DATE'), ('more than three decades', 'DATE'), ('first', 'ORDINAL')]",0.375,"['Natalie', 'Cassidy', 'to', 'leave', 'EastEnders', 'after', '32', 'year', 'the', 'actress', 'will', 'leave', 'the', 'soap', 'in', 'February', ',', 'more', 'than', 'three', 'decade', 'after', 'her', 'first', 'appearance', '.']"
24,Drill rapper Digga D jailed for supplying cannabis,"The rapper, whose real name is Rhys Herbert, was arrested near Lincoln in February 2024.","['Drill', 'rapper', 'Digga', 'D', 'jailed', 'for', 'supplying', 'cannabis', 'The', 'rapper', ',', 'whose', 'real', 'name', 'is', 'Rhys', 'Herbert', ',', 'was', 'arrested', 'near', 'Lincoln', 'in', 'February', '2024', '.']","['Drill rapper Digga D jailed for supplying cannabis The rapper, whose real name is Rhys Herbert, was arrested near Lincoln in February 2024.']","['Drill', 'rapper', 'Digga', 'jailed', 'supplying', 'cannabis', 'rapper', ',', 'whose', 'real', 'name', 'Rhys', 'Herbert', ',', 'arrested', 'near', 'Lincoln', 'February', '2024', '.']","[('Drill', 'NNP'), ('rapper', 'VBZ'), ('Digga', 'NNP'), ('jailed', 'VBD'), ('supplying', 'VBG'), ('cannabis', 'NN'), ('rapper', 'NN'), (',', ','), ('whose', 'WP$'), ('real', 'JJ'), ('name', 'NN'), ('Rhys', 'NNP'), ('Herbert', 'NNP'), (',', ','), ('arrested', 'VBD'), ('near', 'IN'), ('Lincoln', 'NNP'), ('February', 'NNP'), ('2024', 'CD'), ('.', '.')]","[('Drill', 'PERSON'), ('Digga D', 'PERSON'), ('Rhys Herbert', 'PERSON'), ('Lincoln', 'ORG'), ('February 2024', 'DATE')]",0.15000000000000002,"['Drill', 'rapper', 'Digga', 'D', 'jail', 'for', 'supply', 'cannabis', 'the', 'rapper', ',', 'whose', 'real', 'name', 'be', 'Rhys', 'Herbert', ',', 'be', 'arrest', 'near', 'Lincoln', 'in', 'February', '2024', '.']"
25,German party could rely on far-right again for immigration vote,"CDU leader Friedrich Merz may need support in the Bundestag from the AfD, a move that has attracted wide condemnation.","['German', 'party', 'could', 'rely', 'on', 'far-right', 'again', 'for', 'immigration', 'vote', 'CDU', 'leader', 'Friedrich', 'Merz', 'may', 'need', 'support', 'in', 'the', 'Bundestag', 'from', 'the', 'AfD', ',', 'a', 'move', 'that', 'has', 'attracted', 'wide', 'condemnation', '.']","['German party could rely on far-right again for immigration vote CDU leader Friedrich Merz may need support in the Bundestag from the AfD, a move that has attracted wide condemnation.']","['German', 'party', 'could', 'rely', 'far-right', 'immigration', 'vote', 'CDU', 'leader', 'Friedrich', 'Merz', 'may', 'need', 'support', 'Bundestag', 'AfD', ',', 'move', 'attracted', 'wide', 'condemnation', '.']","[('German', 'JJ'), ('party', 'NN'), ('could', 'MD'), ('rely', 'VB'), ('far-right', 'JJ'), ('immigration', 'NN'), ('vote', 'NN'), ('CDU', 'NNP'), ('leader', 'NN'), ('Friedrich', 'NNP'), ('Merz', 'NNP'), ('may', 'MD'), ('need', 'VB'), ('support', 'NN'), ('Bundestag', 'NNP'), ('AfD', 'NNP'), (',', ','), ('move', 'NN'), ('attracted', 'VBD'), ('wide', 'JJ'), ('condemnation', 'NN'), ('.', '.')]","[('German', 'NORP'), ('CDU', 'ORG'), ('Friedrich Merz', 'PERSON'), ('Bundestag', 'ORG'), ('AfD', 'ORG')]",-0.05,"['german', 'party', 'could', 'rely', 'on', 'far', '-', 'right', 'again', 'for', 'immigration', 'vote', 'CDU', 'leader', 'Friedrich', 'Merz', 'may', 'need', 'support', 'in', 'the', 'Bundestag', 'from', 'the', 'AfD', ',', 'a', 'move', 'that', 'have', 'attract', 'wide', 'condemnation', '.']"
26,"Rwanda illegally occupying DR Congo, minister tells BBC","A Rwandan spokesperson denies the charges, saying it is trying to prevent the conflict spilling over.","['Rwanda', 'illegally', 'occupying', 'DR', 'Congo', ',', 'minister', 'tells', 'BBC', 'A', 'Rwandan', 'spokesperson', 'denies', 'the', 'charges', ',', 'saying', 'it', 'is', 'trying', 'to', 'prevent', 'the', 'conflict', 'spilling', 'over', '.']","['Rwanda illegally occupying DR Congo, minister tells BBC A Rwandan spokesperson denies the charges, saying it is trying to prevent the conflict spilling over.']","['Rwanda', 'illegally', 'occupying', 'DR', 'Congo', ',', 'minister', 'tells', 'BBC', 'Rwandan', 'spokesperson', 'denies', 'charges', ',', 'saying', 'trying', 'prevent', 'conflict', 'spilling', '.']","[('Rwanda', 'NNP'), ('illegally', 'RB'), ('occupying', 'VBG'), ('DR', 'NNP'), ('Congo', 'NNP'), (',', ','), ('minister', 'NN'), ('tells', 'NNS'), ('BBC', 'NNP'), ('Rwandan', 'NNP'), ('spokesperson', 'NN'), ('denies', 'NNS'), ('charges', 'NNS'), (',', ','), ('saying', 'VBG'), ('trying', 'VBG'), ('prevent', 'NN'), ('conflict', 'NN'), ('spilling', 'NN'), ('.', '.')]","[('Rwanda', 'GPE'), ('DR Congo', 'ORG'), ('BBC', 'ORG'), ('Rwandan', 'NORP')]",-0.5,"['Rwanda', 'illegally', 'occupy', 'DR', 'Congo', ',', 'minister', 'tell', 'BBC', 'a', 'rwandan', 'spokesperson', 'deny', 'the', 'charge', ',', 'say', 'it', 'be', 'try', 'to', 'prevent', 'the', 'conflict', 'spill', 'over', '.']"
27,Last bike ridden by Hairy Biker up for auction,All the money raised is due to be donated to two charities close to Myers' heart.,"['Last', 'bike', 'ridden', 'by', 'Hairy', 'Biker', 'up', 'for', 'auction', 'All', 'the', 'money', 'raised', 'is', 'due', 'to', 'be', 'donated', 'to', 'two', 'charities', 'close', 'to', 'Myers', ""'"", 'heart', '.']","[""Last bike ridden by Hairy Biker up for auction All the money raised is due to be donated to two charities close to Myers' heart.""]","['Last', 'bike', 'ridden', 'Hairy', 'Biker', 'auction', 'money', 'raised', 'due', 'donated', 'two', 'charities', 'close', 'Myers', ""'"", 'heart', '.']","[('Last', 'JJ'), ('bike', 'NN'), ('ridden', 'NN'), ('Hairy', 'NNP'), ('Biker', 'NNP'), ('auction', 'NN'), ('money', 'NN'), ('raised', 'VBN'), ('due', 'RB'), ('donated', 'VBN'), ('two', 'CD'), ('charities', 'NNS'), ('close', 'RB'), ('Myers', 'NNP'), (""'"", 'POS'), ('heart', 'NN'), ('.', '.')]","[('Hairy Biker', 'PERSON'), ('two', 'CARDINAL'), ('Myers', 'ORG')]",-0.0625,"['last', 'bike', 'ride', 'by', 'Hairy', 'Biker', 'up', 'for', 'auction', 'all', 'the', 'money', 'raise', 'be', 'due', 'to', 'be', 'donate', 'to', 'two', 'charity', 'close', 'to', 'Myers', ""'"", 'heart', '.']"
28,BBC News app,"Top stories, breaking news, live reporting, and follow news topics that match your interests","['BBC', 'News', 'app', 'Top', 'stories', ',', 'breaking', 'news', ',', 'live', 'reporting', ',', 'and', 'follow', 'news', 'topics', 'that', 'match', 'your', 'interests']","['BBC News app Top stories, breaking news, live reporting, and follow news topics that match your interests']","['BBC', 'News', 'app', 'Top', 'stories', ',', 'breaking', 'news', ',', 'live', 'reporting', ',', 'follow', 'news', 'topics', 'match', 'interests']","[('BBC', 'NNP'), ('News', 'NNP'), ('app', 'VBZ'), ('Top', 'NNP'), ('stories', 'NNS'), (',', ','), ('breaking', 'VBG'), ('news', 'NN'), (',', ','), ('live', 'JJ'), ('reporting', 'NN'), (',', ','), ('follow', 'JJ'), ('news', 'NN'), ('topics', 'NNS'), ('match', 'NN'), ('interests', 'NNS')]","[('BBC News', 'ORG')]",0.3181818181818182,"['BBC', 'News', 'app', 'top', 'story', ',', 'break', 'news', ',', 'live', 'reporting', ',', 'and', 'follow', 'news', 'topic', 'that', 'match', 'your', 'interest']"
29,Newscast,"Adam, Chris, Alex and Faisal round up the political week.","['Newscast', 'Adam', ',', 'Chris', ',', 'Alex', 'and', 'Faisal', 'round', 'up', 'the', 'political', 'week', '.']","['Newscast Adam, Chris, Alex and Faisal round up the political week.']","['Newscast', 'Adam', ',', 'Chris', ',', 'Alex', 'Faisal', 'round', 'political', 'week', '.']","[('Newscast', 'NNP'), ('Adam', 'NNP'), (',', ','), ('Chris', 'NNP'), (',', ','), ('Alex', 'NNP'), ('Faisal', 'NNP'), ('round', 'VB'), ('political', 'JJ'), ('week', 'NN'), ('.', '.')]","[('Newscast Adam', 'LOC'), ('Chris', 'PERSON'), ('Alex', 'PERSON'), ('Faisal', 'PERSON'), ('the political week', 'DATE')]",-0.1,"['Newscast', 'Adam', ',', 'Chris', ',', 'Alex', 'and', 'Faisal', 'round', 'up', 'the', 'political', 'week', '.']"
30,"Nick Cave, singer and writer","Nick Cave, singer and writer, shares the soundtrack of his life with Lauren Laverne.","['Nick', 'Cave', ',', 'singer', 'and', 'writer', 'Nick', 'Cave', ',', 'singer', 'and', 'writer', ',', 'shares', 'the', 'soundtrack', 'of', 'his', 'life', 'with', 'Lauren', 'Laverne', '.']","['Nick Cave, singer and writer Nick Cave, singer and writer, shares the soundtrack of his life with Lauren Laverne.']","['Nick', 'Cave', ',', 'singer', 'writer', 'Nick', 'Cave', ',', 'singer', 'writer', ',', 'shares', 'soundtrack', 'life', 'Lauren', 'Laverne', '.']","[('Nick', 'NNP'), ('Cave', 'NNP'), (',', ','), ('singer', 'NN'), ('writer', 'NN'), ('Nick', 'NNP'), ('Cave', 'NNP'), (',', ','), ('singer', 'NN'), ('writer', 'NN'), (',', ','), ('shares', 'NNS'), ('soundtrack', 'VBP'), ('life', 'NN'), ('Lauren', 'NNP'), ('Laverne', 'NNP'), ('.', '.')]","[('Nick Cave', 'PERSON'), ('Nick Cave', 'PERSON'), ('Lauren Laverne', 'PERSON')]",0.0,"['Nick', 'Cave', ',', 'singer', 'and', 'writer', 'Nick', 'Cave', ',', 'singer', 'and', 'writer', ',', 'share', 'the', 'soundtrack', 'of', 'his', 'life', 'with', 'Lauren', 'Laverne', '.']"
31,Man City draw Real & Celtic face Bayern in play-offs,Manchester City will play Real Madrid while Celtic will face Bayern Munich in the Champions League play-off round.,"['Man', 'City', 'draw', 'Real', '&', 'Celtic', 'face', 'Bayern', 'in', 'play-offs', 'Manchester', 'City', 'will', 'play', 'Real', 'Madrid', 'while', 'Celtic', 'will', 'face', 'Bayern', 'Munich', 'in', 'the', 'Champions', 'League', 'play-off', 'round', '.']",['Man City draw Real & Celtic face Bayern in play-offs Manchester City will play Real Madrid while Celtic will face Bayern Munich in the Champions League play-off round.'],"['Man', 'City', 'draw', 'Real', '&', 'Celtic', 'face', 'Bayern', 'play-offs', 'Manchester', 'City', 'play', 'Real', 'Madrid', 'Celtic', 'face', 'Bayern', 'Munich', 'Champions', 'League', 'play-off', 'round', '.']","[('Man', 'NNP'), ('City', 'NNP'), ('draw', 'VB'), ('Real', 'NNP'), ('&', 'CC'), ('Celtic', 'NNP'), ('face', 'NN'), ('Bayern', 'NNP'), ('play-offs', 'JJ'), ('Manchester', 'NNP'), ('City', 'NNP'), ('play', 'VB'), ('Real', 'NNP'), ('Madrid', 'NNP'), ('Celtic', 'NNP'), ('face', 'NN'), ('Bayern', 'NNP'), ('Munich', 'NNP'), ('Champions', 'NNP'), ('League', 'NNP'), ('play-off', 'NN'), ('round', 'NN'), ('.', '.')]","[('Man City', 'GPE'), ('Manchester City', 'GPE'), ('Real Madrid', 'ORG'), ('Celtic', 'ORG'), ('Bayern Munich', 'ORG'), ('the Champions League', 'ORG')]",0.06666666666666667,"['Man', 'City', 'draw', 'Real', '&', 'celtic', 'face', 'Bayern', 'in', 'play', '-', 'off', 'Manchester', 'City', 'will', 'play', 'Real', 'Madrid', 'while', 'Celtic', 'will', 'face', 'Bayern', 'Munich', 'in', 'the', 'Champions', 'League', 'play', '-', 'off', 'round', '.']"
32,"Six Nations predictions: Who will win, top try-scorer picks & Lions bolters","France or Ireland to win the Six Nations? What about England, Scotland and Wales' chances? Our BBC Radio 5 Live pundits make their predictions.","['Six', 'Nations', 'predictions', ':', 'Who', 'will', 'win', ',', 'top', 'try-scorer', 'picks', '&', 'Lions', 'bolters', 'France', 'or', 'Ireland', 'to', 'win', 'the', 'Six', 'Nations', '?', 'What', 'about', 'England', ',', 'Scotland', 'and', 'Wales', ""'"", 'chances', '?', 'Our', 'BBC', 'Radio', '5', 'Live', 'pundits', 'make', 'their', 'predictions', '.']","['Six Nations predictions: Who will win, top try-scorer picks & Lions bolters France or Ireland to win the Six Nations?', ""What about England, Scotland and Wales' chances?"", 'Our BBC Radio 5 Live pundits make their predictions.']","['Six', 'Nations', 'predictions', ':', 'win', ',', 'top', 'try-scorer', 'picks', '&', 'Lions', 'bolters', 'France', 'Ireland', 'win', 'Six', 'Nations', '?', 'England', ',', 'Scotland', 'Wales', ""'"", 'chances', '?', 'BBC', 'Radio', '5', 'Live', 'pundits', 'make', 'predictions', '.']","[('Six', 'CD'), ('Nations', 'NNS'), ('predictions', 'NNS'), (':', ':'), ('win', 'NN'), (',', ','), ('top', 'JJ'), ('try-scorer', 'NN'), ('picks', 'NNS'), ('&', 'CC'), ('Lions', 'NNP'), ('bolters', 'NNS'), ('France', 'NNP'), ('Ireland', 'NNP'), ('win', 'VBP'), ('Six', 'NNP'), ('Nations', 'NNP'), ('?', '.'), ('England', 'NNP'), (',', ','), ('Scotland', 'NNP'), ('Wales', 'NNP'), (""'"", 'POS'), ('chances', 'NNS'), ('?', '.'), ('BBC', 'NNP'), ('Radio', 'NNP'), ('5', 'CD'), ('Live', 'NNP'), ('pundits', 'NNS'), ('make', 'VBP'), ('predictions', 'NNS'), ('.', '.')]","[('Six', 'CARDINAL'), ('France', 'GPE'), ('Ireland', 'GPE'), ('the Six Nations', 'WORK_OF_ART'), ('England', 'GPE'), ('Scotland', 'GPE'), ('Wales', 'GPE'), ('BBC Radio', 'ORG'), ('5', 'CARDINAL')]",0.5590909090909091,"['six', 'Nations', 'prediction', ':', 'who', 'will', 'win', ',', 'top', 'try', '-', 'scorer', 'pick', '&', 'Lions', 'bolter', 'France', 'or', 'Ireland', 'to', 'win', 'the', 'six', 'nation', '?', 'what', 'about', 'England', ',', 'Scotland', 'and', 'Wales', ""'"", 'chance', '?', 'our', 'BBC', 'Radio', '5', 'live', 'pundit', 'make', 'their', 'prediction', '.']"
33,Sutherland ton helps Australia punish sloppy England,"A dismal fielding performance from England, alongside Annabel Sutherland's sparkling century, gives Australia complete control of the one-off Test match in Melbourne.","['Sutherland', 'ton', 'helps', 'Australia', 'punish', 'sloppy', 'England', 'A', 'dismal', 'fielding', 'performance', 'from', 'England', ',', 'alongside', 'Annabel', 'Sutherland', ""'s"", 'sparkling', 'century', ',', 'gives', 'Australia', 'complete', 'control', 'of', 'the', 'one-off', 'Test', 'match', 'in', 'Melbourne', '.']","[""Sutherland ton helps Australia punish sloppy England A dismal fielding performance from England, alongside Annabel Sutherland's sparkling century, gives Australia complete control of the one-off Test match in Melbourne.""]","['Sutherland', 'ton', 'helps', 'Australia', 'punish', 'sloppy', 'England', 'dismal', 'fielding', 'performance', 'England', ',', 'alongside', 'Annabel', 'Sutherland', ""'s"", 'sparkling', 'century', ',', 'gives', 'Australia', 'complete', 'control', 'one-off', 'Test', 'match', 'Melbourne', '.']","[('Sutherland', 'NNP'), ('ton', 'NN'), ('helps', 'VBZ'), ('Australia', 'NNP'), ('punish', 'JJ'), ('sloppy', 'JJ'), ('England', 'NNP'), ('dismal', 'JJ'), ('fielding', 'NN'), ('performance', 'NN'), ('England', 'NNP'), (',', ','), ('alongside', 'RB'), ('Annabel', 'NNP'), ('Sutherland', 'NNP'), (""'s"", 'POS'), ('sparkling', 'JJ'), ('century', 'NN'), (',', ','), ('gives', 'VBZ'), ('Australia', 'NNP'), ('complete', 'JJ'), ('control', 'NN'), ('one-off', 'JJ'), ('Test', 'NNP'), ('match', 'NN'), ('Melbourne', 'NNP'), ('.', '.')]","[('Australia', 'GPE'), ('England', 'PERSON'), ('England', 'GPE'), (""Annabel Sutherland's"", 'ORG'), ('Australia', 'GPE'), ('one', 'CARDINAL'), ('Melbourne', 'GPE')]",-0.15833333333333333,"['sutherland', 'ton', 'help', 'Australia', 'punish', 'sloppy', 'England', 'a', 'dismal', 'fielding', 'performance', 'from', 'England', ',', 'alongside', 'Annabel', 'Sutherland', ""'s"", 'sparkling', 'century', ',', 'give', 'Australia', 'complete', 'control', 'of', 'the', 'one', '-', 'off', 'test', 'match', 'in', 'Melbourne', '.']"
34,Gatland's Wales aim for Six Nations lift in France,"As Wales prepare to kick off the 2025 Six Nations away to France, Warren Gatland will hope for an unlikley repeat of 2019 Welsh heroics in Paris.","['Gatland', ""'s"", 'Wales', 'aim', 'for', 'Six', 'Nations', 'lift', 'in', 'France', 'As', 'Wales', 'prepare', 'to', 'kick', 'off', 'the', '2025', 'Six', 'Nations', 'away', 'to', 'France', ',', 'Warren', 'Gatland', 'will', 'hope', 'for', 'an', 'unlikley', 'repeat', 'of', '2019', 'Welsh', 'heroics', 'in', 'Paris', '.']","[""Gatland's Wales aim for Six Nations lift in France As Wales prepare to kick off the 2025 Six Nations away to France, Warren Gatland will hope for an unlikley repeat of 2019 Welsh heroics in Paris.""]","['Gatland', ""'s"", 'Wales', 'aim', 'Six', 'Nations', 'lift', 'France', 'Wales', 'prepare', 'kick', '2025', 'Six', 'Nations', 'away', 'France', ',', 'Warren', 'Gatland', 'hope', 'unlikley', 'repeat', '2019', 'Welsh', 'heroics', 'Paris', '.']","[('Gatland', 'NNP'), (""'s"", 'POS'), ('Wales', 'NNP'), ('aim', 'NN'), ('Six', 'NNP'), ('Nations', 'NNP'), ('lift', 'NN'), ('France', 'NNP'), ('Wales', 'NNP'), ('prepare', 'VB'), ('kick', 'JJ'), ('2025', 'CD'), ('Six', 'NNP'), ('Nations', 'NNP'), ('away', 'RB'), ('France', 'NNP'), (',', ','), ('Warren', 'NNP'), ('Gatland', 'NNP'), ('hope', 'VBP'), ('unlikley', 'JJ'), ('repeat', 'NN'), ('2019', 'CD'), ('Welsh', 'NNP'), ('heroics', 'NNS'), ('Paris', 'NNP'), ('.', '.')]","[('Gatland', 'ORG'), ('Six Nations', 'WORK_OF_ART'), ('France', 'GPE'), ('Wales', 'GPE'), ('2025', 'DATE'), ('Six Nations', 'WORK_OF_ART'), ('France', 'GPE'), ('Warren Gatland', 'PERSON'), ('2019', 'DATE'), ('Paris', 'GPE')]",0.0,"['Gatland', ""'s"", 'Wales', 'aim', 'for', 'six', 'Nations', 'lift', 'in', 'France', 'as', 'Wales', 'prepare', 'to', 'kick', 'off', 'the', '2025', 'six', 'nation', 'away', 'to', 'France', ',', 'Warren', 'Gatland', 'will', 'hope', 'for', 'an', 'unlikley', 'repeat', 'of', '2019', 'Welsh', 'heroic', 'in', 'Paris', '.']"
35,Australia dominate as England fielding woes continue,Australia's Annabel Sutherland hit a sparkling 163 against a sloppy England side that dropped seven catches on day two of the one-off Women's Ashes Test match in Melbourne.,"['Australia', 'dominate', 'as', 'England', 'fielding', 'woes', 'continue', 'Australia', ""'s"", 'Annabel', 'Sutherland', 'hit', 'a', 'sparkling', '163', 'against', 'a', 'sloppy', 'England', 'side', 'that', 'dropped', 'seven', 'catches', 'on', 'day', 'two', 'of', 'the', 'one-off', 'Women', ""'s"", 'Ashes', 'Test', 'match', 'in', 'Melbourne', '.']","[""Australia dominate as England fielding woes continue Australia's Annabel Sutherland hit a sparkling 163 against a sloppy England side that dropped seven catches on day two of the one-off Women's Ashes Test match in Melbourne.""]","['Australia', 'dominate', 'England', 'fielding', 'woes', 'continue', 'Australia', ""'s"", 'Annabel', 'Sutherland', 'hit', 'sparkling', '163', 'sloppy', 'England', 'side', 'dropped', 'seven', 'catches', 'day', 'two', 'one-off', 'Women', ""'s"", 'Ashes', 'Test', 'match', 'Melbourne', '.']","[('Australia', 'NNP'), ('dominate', 'NN'), ('England', 'NNP'), ('fielding', 'NN'), ('woes', 'NNS'), ('continue', 'VBP'), ('Australia', 'NNP'), (""'s"", 'POS'), ('Annabel', 'NNP'), ('Sutherland', 'NNP'), ('hit', 'VBD'), ('sparkling', 'VBG'), ('163', 'CD'), ('sloppy', 'JJ'), ('England', 'NNP'), ('side', 'NN'), ('dropped', 'VBD'), ('seven', 'CD'), ('catches', 'NNS'), ('day', 'NN'), ('two', 'CD'), ('one-off', 'JJ'), ('Women', 'NNP'), (""'s"", 'POS'), ('Ashes', 'NNP'), ('Test', 'NNP'), ('match', 'NN'), ('Melbourne', 'NNP'), ('.', '.')]","[('Australia', 'GPE'), ('England', 'GPE'), ('Australia', 'GPE'), ('Annabel Sutherland', 'ORG'), ('163', 'CARDINAL'), ('England', 'GPE'), ('seven', 'CARDINAL'), ('day two', 'DATE'), ('one', 'CARDINAL'), (""Women's Ashes Test"", 'WORK_OF_ART'), ('Melbourne', 'GPE')]",-0.4166666666666667,"['Australia', 'dominate', 'as', 'England', 'fielding', 'woe', 'continue', 'Australia', ""'s"", 'Annabel', 'Sutherland', 'hit', 'a', 'sparkling', '163', 'against', 'a', 'sloppy', 'England', 'side', 'that', 'drop', 'seven', 'catch', 'on', 'day', 'two', 'of', 'the', 'one', '-', 'off', 'woman', ""'s"", 'Ashes', 'Test', 'match', 'in', 'Melbourne', '.']"
