Title,Words,Sentences,Filtered_Words,POS_Tags,Entities,Sentiment,Lemmas
The Flanders Audiovisual Fund releases a new report on the use of artificial intelligence in audiovisual creation,"['The', 'Flanders', 'Audiovisual', 'Fund', 'releases', 'a', 'new', 'report', 'on', 'the', 'use', 'of', 'artificial', 'intelligence', 'in', 'audiovisual', 'creation']",['The Flanders Audiovisual Fund releases a new report on the use of artificial intelligence in audiovisual creation'],"['Flanders', 'Audiovisual', 'Fund', 'releases', 'new', 'report', 'use', 'artificial', 'intelligence', 'audiovisual', 'creation']","[('Flanders', 'NNS'), ('Audiovisual', 'NNP'), ('Fund', 'NNP'), ('releases', 'VBZ'), ('new', 'JJ'), ('report', 'NN'), ('use', 'NN'), ('artificial', 'JJ'), ('intelligence', 'NN'), ('audiovisual', 'JJ'), ('creation', 'NN')]","[('Flanders Audiovisual Fund', 'ORG')]",-0.2318181818181818,"['the', 'Flanders', 'Audiovisual', 'Fund', 'release', 'a', 'new', 'report', 'on', 'the', 'use', 'of', 'artificial', 'intelligence', 'in', 'audiovisual', 'creation']"
This Artificial Intelligence (AI) Stock Delivered Bigger Gains Than Nvidia. It Can Skyrocket Higher.,"['This', 'Artificial', 'Intelligence', '(', 'AI', ')', 'Stock', 'Delivered', 'Bigger', 'Gains', 'Than', 'Nvidia', '.', 'It', 'Can', 'Skyrocket', 'Higher', '.']","['This Artificial Intelligence (AI) Stock Delivered Bigger Gains Than Nvidia.', 'It Can Skyrocket Higher.']","['Artificial', 'Intelligence', '(', 'AI', ')', 'Stock', 'Delivered', 'Bigger', 'Gains', 'Nvidia', '.', 'Skyrocket', 'Higher', '.']","[('Artificial', 'JJ'), ('Intelligence', 'NNP'), ('(', '('), ('AI', 'NNP'), (')', ')'), ('Stock', 'NNP'), ('Delivered', 'NNP'), ('Bigger', 'NNP'), ('Gains', 'NNP'), ('Nvidia', 'NNP'), ('.', '.'), ('Skyrocket', 'NNP'), ('Higher', 'NNP'), ('.', '.')]","[('This Artificial Intelligence', 'ORG')]",-0.11666666666666665,"['this', 'Artificial', 'Intelligence', '(', 'AI', ')', 'Stock', 'deliver', 'big', 'Gains', 'than', 'Nvidia', '.', 'it', 'can', 'Skyrocket', 'Higher', '.']"
UAE President visits Mohamed bin Zayed University of Artificial Intelligence,"['UAE', 'President', 'visits', 'Mohamed', 'bin', 'Zayed', 'University', 'of', 'Artificial', 'Intelligence']",['UAE President visits Mohamed bin Zayed University of Artificial Intelligence'],"['UAE', 'President', 'visits', 'Mohamed', 'bin', 'Zayed', 'University', 'Artificial', 'Intelligence']","[('UAE', 'NNP'), ('President', 'NNP'), ('visits', 'NNS'), ('Mohamed', 'NNP'), ('bin', 'NN'), ('Zayed', 'NNP'), ('University', 'NNP'), ('Artificial', 'NNP'), ('Intelligence', 'NNP')]","[('Mohamed bin Zayed University of Artificial Intelligence', 'PERSON')]",-0.6,"['UAE', 'President', 'visit', 'Mohamed', 'bin', 'Zayed', 'University', 'of', 'Artificial', 'Intelligence']"
"China's artificial intelligence (AI) chatbot, Dipshikbal Shock, hit the domestic stock market with s..","['China', ""'s"", 'artificial', 'intelligence', '(', 'AI', ')', 'chatbot', ',', 'Dipshikbal', 'Shock', ',', 'hit', 'the', 'domestic', 'stock', 'market', 'with', 's', '..']","[""China's artificial intelligence (AI) chatbot, Dipshikbal Shock, hit the domestic stock market with s..""]","['China', ""'s"", 'artificial', 'intelligence', '(', 'AI', ')', 'chatbot', ',', 'Dipshikbal', 'Shock', ',', 'hit', 'domestic', 'stock', 'market', '..']","[('China', 'NNP'), (""'s"", 'POS'), ('artificial', 'JJ'), ('intelligence', 'NN'), ('(', '('), ('AI', 'NNP'), (')', ')'), ('chatbot', 'NN'), (',', ','), ('Dipshikbal', 'NNP'), ('Shock', 'NNP'), (',', ','), ('hit', 'VBD'), ('domestic', 'JJ'), ('stock', 'NN'), ('market', 'NN'), ('..', 'NN')]","[('China', 'GPE'), ('AI', 'ORG'), ('Dipshikbal Shock', 'PRODUCT')]",-0.3,"['China', ""'s"", 'artificial', 'intelligence', '(', 'AI', ')', 'chatbot', ',', 'Dipshikbal', 'Shock', ',', 'hit', 'the', 'domestic', 'stock', 'market', 'with', 's', '..']"
Agricultural traceability with blockchain and artificial intelligence,"['Agricultural', 'traceability', 'with', 'blockchain', 'and', 'artificial', 'intelligence']",['Agricultural traceability with blockchain and artificial intelligence'],"['Agricultural', 'traceability', 'blockchain', 'artificial', 'intelligence']","[('Agricultural', 'JJ'), ('traceability', 'NN'), ('blockchain', 'VBP'), ('artificial', 'JJ'), ('intelligence', 'NN')]",[],-0.6,"['agricultural', 'traceability', 'with', 'blockchain', 'and', 'artificial', 'intelligence']"
UAE President Visits Mohamed Bin Zayed University Of Artificial Intelligence,"['UAE', 'President', 'Visits', 'Mohamed', 'Bin', 'Zayed', 'University', 'Of', 'Artificial', 'Intelligence']",['UAE President Visits Mohamed Bin Zayed University Of Artificial Intelligence'],"['UAE', 'President', 'Visits', 'Mohamed', 'Bin', 'Zayed', 'University', 'Artificial', 'Intelligence']","[('UAE', 'NNP'), ('President', 'NNP'), ('Visits', 'NNP'), ('Mohamed', 'NNP'), ('Bin', 'NNP'), ('Zayed', 'NNP'), ('University', 'NNP'), ('Artificial', 'NNP'), ('Intelligence', 'NNP')]","[('UAE', 'ORG'), ('Visits Mohamed Bin Zayed University', 'PERSON')]",-0.6,"['UAE', 'President', 'Visits', 'Mohamed', 'Bin', 'Zayed', 'University', 'of', 'Artificial', 'Intelligence']"
Cardiotocography-Based Experimental Comparison of Artificial Intelligence and Human Judgment in Assessing Fetal Asphyxia During Delivery,"['Cardiotocography-Based', 'Experimental', 'Comparison', 'of', 'Artificial', 'Intelligence', 'and', 'Human', 'Judgment', 'in', 'Assessing', 'Fetal', 'Asphyxia', 'During', 'Delivery']",['Cardiotocography-Based Experimental Comparison of Artificial Intelligence and Human Judgment in Assessing Fetal Asphyxia During Delivery'],"['Cardiotocography-Based', 'Experimental', 'Comparison', 'Artificial', 'Intelligence', 'Human', 'Judgment', 'Assessing', 'Fetal', 'Asphyxia', 'Delivery']","[('Cardiotocography-Based', 'JJ'), ('Experimental', 'NNP'), ('Comparison', 'NNP'), ('Artificial', 'NNP'), ('Intelligence', 'NNP'), ('Human', 'NNP'), ('Judgment', 'NNP'), ('Assessing', 'NNP'), ('Fetal', 'NNP'), ('Asphyxia', 'NNP'), ('Delivery', 'NNP')]","[('Cardiotocography-Based Experimental Comparison of Artificial Intelligence and Human Judgment in Assessing Fetal Asphyxia During Delivery', 'ORG')]",-0.16666666666666666,"['cardiotocography', '-', 'base', 'Experimental', 'Comparison', 'of', 'Artificial', 'Intelligence', 'and', 'Human', 'Judgment', 'in', 'assess', 'Fetal', 'Asphyxia', 'during', 'Delivery']"
2 Artificial Intelligence (AI) Stocks That Could Help Make You a Fortune in 2025,"['2', 'Artificial', 'Intelligence', '(', 'AI', ')', 'Stocks', 'That', 'Could', 'Help', 'Make', 'You', 'a', 'Fortune', 'in', '2025']",['2 Artificial Intelligence (AI) Stocks That Could Help Make You a Fortune in 2025'],"['2', 'Artificial', 'Intelligence', '(', 'AI', ')', 'Stocks', 'Could', 'Help', 'Make', 'Fortune', '2025']","[('2', 'CD'), ('Artificial', 'JJ'), ('Intelligence', 'NNP'), ('(', '('), ('AI', 'NNP'), (')', ')'), ('Stocks', 'NNP'), ('Could', 'NNP'), ('Help', 'NNP'), ('Make', 'NNP'), ('Fortune', 'NNP'), ('2025', 'CD')]","[('2', 'CARDINAL'), ('2025', 'DATE')]",-0.6,"['2', 'Artificial', 'Intelligence', '(', 'AI', ')', 'stock', 'that', 'could', 'help', 'make', 'you', 'a', 'Fortune', 'in', '2025']"
How an artificial intelligence system can make money in the field and the warehouse,"['How', 'an', 'artificial', 'intelligence', 'system', 'can', 'make', 'money', 'in', 'the', 'field', 'and', 'the', 'warehouse']",['How an artificial intelligence system can make money in the field and the warehouse'],"['artificial', 'intelligence', 'system', 'make', 'money', 'field', 'warehouse']","[('artificial', 'JJ'), ('intelligence', 'NN'), ('system', 'NN'), ('make', 'VBP'), ('money', 'NN'), ('field', 'NN'), ('warehouse', 'NN')]",[],-0.6,"['how', 'an', 'artificial', 'intelligence', 'system', 'can', 'make', 'money', 'in', 'the', 'field', 'and', 'the', 'warehouse']"
"Got $5,000? These Are 3 of the Cheapest Artificial Intelligence Stocks to Buy Right Now","['Got', '$', '5,000', '?', 'These', 'Are', '3', 'of', 'the', 'Cheapest', 'Artificial', 'Intelligence', 'Stocks', 'to', 'Buy', 'Right', 'Now']","['Got $5,000?', 'These Are 3 of the Cheapest Artificial Intelligence Stocks to Buy Right Now']","['Got', '$', '5,000', '?', '3', 'Cheapest', 'Artificial', 'Intelligence', 'Stocks', 'Buy', 'Right']","[('Got', 'NNP'), ('$', '$'), ('5,000', 'CD'), ('?', '.'), ('3', 'CD'), ('Cheapest', 'NNP'), ('Artificial', 'NNP'), ('Intelligence', 'NNP'), ('Stocks', 'NNP'), ('Buy', 'NNP'), ('Right', 'NNP')]","[('5,000', 'MONEY'), ('3', 'CARDINAL'), ('the Cheapest Artificial Intelligence Stocks', 'ORG'), ('Buy Right Now', 'ORG')]",-0.15714285714285714,"['got', '$', '5,000', '?', 'these', 'be', '3', 'of', 'the', 'Cheapest', 'Artificial', 'Intelligence', 'stock', 'to', 'buy', 'right', 'now']"
BBC blasted for 'incredible misinformation' about Brexit after broadcaster 'ignored' facts shared by expert,"['BBC', 'blasted', 'for', ""'incredible"", 'misinformation', ""'"", 'about', 'Brexit', 'after', 'broadcaster', ""'ignored"", ""'"", 'facts', 'shared', 'by', 'expert']","[""BBC blasted for 'incredible misinformation' about Brexit after broadcaster 'ignored' facts shared by expert""]","['BBC', 'blasted', ""'incredible"", 'misinformation', ""'"", 'Brexit', 'broadcaster', ""'ignored"", ""'"", 'facts', 'shared', 'expert']","[('BBC', 'NNP'), ('blasted', 'VBD'), (""'incredible"", 'JJ'), ('misinformation', 'NN'), (""'"", 'POS'), ('Brexit', 'NNP'), ('broadcaster', 'NN'), (""'ignored"", 'VBD'), (""'"", 'POS'), ('facts', 'NNS'), ('shared', 'VBD'), ('expert', 'NN')]","[('BBC', 'ORG'), ('Brexit', 'PERSON')]",0.15000000000000002,"['BBC', 'blast', 'for', ""'"", 'incredible', 'misinformation', ""'"", 'about', 'Brexit', 'after', 'broadcaster', ""'"", 'ignore', ""'"", 'fact', 'share', 'by', 'expert']"
"Letters, Jan 31: With Justin Trudeau, the M in PM stands for misinformation","['Letters', ',', 'Jan', '31', ':', 'With', 'Justin', 'Trudeau', ',', 'the', 'M', 'in', 'PM', 'stands', 'for', 'misinformation']","['Letters, Jan 31: With Justin Trudeau, the M in PM stands for misinformation']","['Letters', ',', 'Jan', '31', ':', 'Justin', 'Trudeau', ',', 'PM', 'stands', 'misinformation']","[('Letters', 'NNS'), (',', ','), ('Jan', 'NNP'), ('31', 'CD'), (':', ':'), ('Justin', 'NNP'), ('Trudeau', 'NNP'), (',', ','), ('PM', 'NNP'), ('stands', 'VBZ'), ('misinformation', 'NN')]","[('Jan 31', 'DATE'), ('Justin Trudeau', 'PERSON')]",0.0,"['letter', ',', 'Jan', '31', ':', 'with', 'Justin', 'Trudeau', ',', 'the', 'M', 'in', 'PM', 'stand', 'for', 'misinformation']"
"Letters, Jan 31: With Justin Trudeau, the M in PM stands for misinformation","['Letters', ',', 'Jan', '31', ':', 'With', 'Justin', 'Trudeau', ',', 'the', 'M', 'in', 'PM', 'stands', 'for', 'misinformation']","['Letters, Jan 31: With Justin Trudeau, the M in PM stands for misinformation']","['Letters', ',', 'Jan', '31', ':', 'Justin', 'Trudeau', ',', 'PM', 'stands', 'misinformation']","[('Letters', 'NNS'), (',', ','), ('Jan', 'NNP'), ('31', 'CD'), (':', ':'), ('Justin', 'NNP'), ('Trudeau', 'NNP'), (',', ','), ('PM', 'NNP'), ('stands', 'VBZ'), ('misinformation', 'NN')]","[('Jan 31', 'DATE'), ('Justin Trudeau', 'PERSON')]",0.0,"['letter', ',', 'Jan', '31', ':', 'with', 'Justin', 'Trudeau', ',', 'the', 'M', 'in', 'PM', 'stand', 'for', 'misinformation']"
"The Palisades Fire Conspiracy: A Tale Of Fear, Misinformation, And Reality","['The', 'Palisades', 'Fire', 'Conspiracy', ':', 'A', 'Tale', 'Of', 'Fear', ',', 'Misinformation', ',', 'And', 'Reality']","['The Palisades Fire Conspiracy: A Tale Of Fear, Misinformation, And Reality']","['Palisades', 'Fire', 'Conspiracy', ':', 'Tale', 'Fear', ',', 'Misinformation', ',', 'Reality']","[('Palisades', 'NNP'), ('Fire', 'NNP'), ('Conspiracy', 'NN'), (':', ':'), ('Tale', 'JJ'), ('Fear', 'NNP'), (',', ','), ('Misinformation', 'NNP'), (',', ','), ('Reality', 'NNP')]","[('The Palisades Fire Conspiracy:', 'ORG'), ('A Tale Of Fear, Misinformation', 'WORK_OF_ART')]",0.0,"['the', 'Palisades', 'Fire', 'Conspiracy', ':', 'a', 'Tale', 'of', 'Fear', ',', 'Misinformation', ',', 'and', 'reality']"
Delving into Key Points About Media Industry Security,"['Delving', 'into', 'Key', 'Points', 'About', 'Media', 'Industry', 'Security']",['Delving into Key Points About Media Industry Security'],"['Delving', 'Key', 'Points', 'Media', 'Industry', 'Security']","[('Delving', 'VBG'), ('Key', 'NNP'), ('Points', 'NNS'), ('Media', 'NNP'), ('Industry', 'NNP'), ('Security', 'NNP')]","[('Key Points', 'LOC')]",0.0,"['delve', 'into', 'Key', 'Points', 'about', 'Media', 'Industry', 'Security']"
How brand values and messaging can combat misinformation,"['How', 'brand', 'values', 'and', 'messaging', 'can', 'combat', 'misinformation']",['How brand values and messaging can combat misinformation'],"['brand', 'values', 'messaging', 'combat', 'misinformation']","[('brand', 'NN'), ('values', 'NNS'), ('messaging', 'VBG'), ('combat', 'NN'), ('misinformation', 'NN')]",[],0.0,"['how', 'brand', 'value', 'and', 'message', 'can', 'combat', 'misinformation']"
How misinformation threatens to smother the most innovative brands,"['How', 'misinformation', 'threatens', 'to', 'smother', 'the', 'most', 'innovative', 'brands']",['How misinformation threatens to smother the most innovative brands'],"['misinformation', 'threatens', 'smother', 'innovative', 'brands']","[('misinformation', 'NN'), ('threatens', 'VBZ'), ('smother', 'RB'), ('innovative', 'JJ'), ('brands', 'NNS')]",[],0.5,"['how', 'misinformation', 'threaten', 'to', 'smother', 'the', 'most', 'innovative', 'brand']"
Tibetan President in exile stresses preservation of Tibetan identity amidst Chinese misinformation,"['Tibetan', 'President', 'in', 'exile', 'stresses', 'preservation', 'of', 'Tibetan', 'identity', 'amidst', 'Chinese', 'misinformation']",['Tibetan President in exile stresses preservation of Tibetan identity amidst Chinese misinformation'],"['Tibetan', 'President', 'exile', 'stresses', 'preservation', 'Tibetan', 'identity', 'amidst', 'Chinese', 'misinformation']","[('Tibetan', 'NNP'), ('President', 'NNP'), ('exile', 'NN'), ('stresses', 'VBZ'), ('preservation', 'NN'), ('Tibetan', 'NNP'), ('identity', 'NN'), ('amidst', 'NN'), ('Chinese', 'JJ'), ('misinformation', 'NN')]","[('Tibetan', 'NORP'), ('Tibetan', 'NORP'), ('Chinese', 'NORP')]",0.0,"['tibetan', 'President', 'in', 'exile', 'stress', 'preservation', 'of', 'tibetan', 'identity', 'amidst', 'chinese', 'misinformation']"
US journalist lashes out at ‘mainstream reporters’ for remarks on her sweater: ‘Your misinformation attack failed’,"['US', 'journalist', 'lashes', 'out', 'at', '‘', 'mainstream', 'reporters', '’', 'for', 'remarks', 'on', 'her', 'sweater', ':', '‘', 'Your', 'misinformation', 'attack', 'failed', '’']",['US journalist lashes out at ‘mainstream reporters’ for remarks on her sweater: ‘Your misinformation attack failed’'],"['US', 'journalist', 'lashes', '‘', 'mainstream', 'reporters', '’', 'remarks', 'sweater', ':', '‘', 'misinformation', 'attack', 'failed', '’']","[('US', 'JJ'), ('journalist', 'NN'), ('lashes', 'NNS'), ('‘', 'VBP'), ('mainstream', 'JJ'), ('reporters', 'NNS'), ('’', 'VBP'), ('remarks', 'NNS'), ('sweater', 'NN'), (':', ':'), ('‘', 'JJ'), ('misinformation', 'NN'), ('attack', 'NN'), ('failed', 'VBD'), ('’', 'NN')]","[('US', 'GPE')]",-0.5,"['US', 'journalist', 'lash', 'out', 'at', ""'"", 'mainstream', 'reporter', ""'"", 'for', 'remark', 'on', 'her', 'sweater', ':', ""'"", 'your', 'misinformation', 'attack', 'fail', ""'""]"
"‘Doing this to ourselves’: misinformation threat is local, Australian Electoral Commission warns","['‘', 'Doing', 'this', 'to', 'ourselves', '’', ':', 'misinformation', 'threat', 'is', 'local', ',', 'Australian', 'Electoral', 'Commission', 'warns']","['‘Doing this to ourselves’: misinformation threat is local, Australian Electoral Commission warns']","['‘', '’', ':', 'misinformation', 'threat', 'local', ',', 'Australian', 'Electoral', 'Commission', 'warns']","[('‘', 'JJ'), ('’', 'NN'), (':', ':'), ('misinformation', 'NN'), ('threat', 'NN'), ('local', 'JJ'), (',', ','), ('Australian', 'JJ'), ('Electoral', 'NNP'), ('Commission', 'NNP'), ('warns', 'NNS')]","[('Australian Electoral Commission', 'ORG')]",0.0,"[""'"", 'do', 'this', 'to', 'ourselves', ""'"", ':', 'misinformation', 'threat', 'be', 'local', ',', 'Australian', 'Electoral', 'Commission', 'warn']"
Karoline Leavitt's stunning takedown of GMA's Michael Strahan earns her another nickname,"['Karoline', 'Leavitt', ""'s"", 'stunning', 'takedown', 'of', 'GMA', ""'s"", 'Michael', 'Strahan', 'earns', 'her', 'another', 'nickname']","[""Karoline Leavitt's stunning takedown of GMA's Michael Strahan earns her another nickname""]","['Karoline', 'Leavitt', ""'s"", 'stunning', 'takedown', 'GMA', ""'s"", 'Michael', 'Strahan', 'earns', 'another', 'nickname']","[('Karoline', 'NNP'), ('Leavitt', 'NNP'), (""'s"", 'POS'), ('stunning', 'VBG'), ('takedown', 'JJ'), ('GMA', 'NNP'), (""'s"", 'POS'), ('Michael', 'NNP'), ('Strahan', 'NNP'), ('earns', 'VBZ'), ('another', 'DT'), ('nickname', 'NN')]","[(""Karoline Leavitt's"", 'PERSON'), ('GMA', 'ORG'), ('Michael Strahan', 'PERSON')]",0.5,"['Karoline', 'Leavitt', ""'s"", 'stunning', 'takedown', 'of', 'GMA', ""'s"", 'Michael', 'Strahan', 'earn', 'she', 'another', 'nickname']"
From Fake News To Funded Agendas: How BBC Weaponizes ‘Journalism’ To Smear India’s Sovereignty,"['From', 'Fake', 'News', 'To', 'Funded', 'Agendas', ':', 'How', 'BBC', 'Weaponizes', '‘', 'Journalism', '’', 'To', 'Smear', 'India', '’', 's', 'Sovereignty']",['From Fake News To Funded Agendas: How BBC Weaponizes ‘Journalism’ To Smear India’s Sovereignty'],"['Fake', 'News', 'Funded', 'Agendas', ':', 'BBC', 'Weaponizes', '‘', 'Journalism', '’', 'Smear', 'India', '’', 'Sovereignty']","[('Fake', 'NNP'), ('News', 'NNP'), ('Funded', 'VBD'), ('Agendas', 'NNP'), (':', ':'), ('BBC', 'NNP'), ('Weaponizes', 'NNP'), ('‘', 'NNP'), ('Journalism', 'NNP'), ('’', 'NNP'), ('Smear', 'NNP'), ('India', 'NNP'), ('’', 'NNP'), ('Sovereignty', 'NNP')]",[],-0.5,"['from', 'Fake', 'News', 'to', 'fund', 'Agendas', ':', 'how', 'BBC', 'Weaponizes', ""'"", 'journalism', ""'"", 'to', 'Smear', 'India', '’s', 'sovereignty']"
Malaysia uses AI to combat online fake news,"['Malaysia', 'uses', 'AI', 'to', 'combat', 'online', 'fake', 'news']",['Malaysia uses AI to combat online fake news'],"['Malaysia', 'uses', 'AI', 'combat', 'online', 'fake', 'news']","[('Malaysia', 'NNP'), ('uses', 'VBZ'), ('AI', 'NNP'), ('combat', 'NN'), ('online', 'NN'), ('fake', 'VBP'), ('news', 'NN')]","[('Malaysia', 'GPE'), ('AI', 'ORG')]",-0.5,"['Malaysia', 'use', 'AI', 'to', 'combat', 'online', 'fake', 'news']"
Newspapers provide accurate and reliable information – KKJA,"['Newspapers', 'provide', 'accurate', 'and', 'reliable', 'information', '–', 'KKJA']",['Newspapers provide accurate and reliable information – KKJA'],"['Newspapers', 'provide', 'accurate', 'reliable', 'information', '–', 'KKJA']","[('Newspapers', 'NNS'), ('provide', 'VBP'), ('accurate', 'JJ'), ('reliable', 'JJ'), ('information', 'NN'), ('–', 'NNP'), ('KKJA', 'NNP')]",[],0.4000000000000001,"['newspaper', 'provide', 'accurate', 'and', 'reliable', 'information', '–', 'KKJA']"
Trump unveils new social media account to challenge fake news,"['Trump', 'unveils', 'new', 'social', 'media', 'account', 'to', 'challenge', 'fake', 'news']",['Trump unveils new social media account to challenge fake news'],"['Trump', 'unveils', 'new', 'social', 'media', 'account', 'challenge', 'fake', 'news']","[('Trump', 'NNP'), ('unveils', 'VBZ'), ('new', 'JJ'), ('social', 'JJ'), ('media', 'NNS'), ('account', 'VBP'), ('challenge', 'JJ'), ('fake', 'JJ'), ('news', 'NN')]","[('Trump', 'ORG')]",-0.1101010101010101,"['trump', 'unveil', 'new', 'social', 'medium', 'account', 'to', 'challenge', 'fake', 'news']"
"Fake News, Real Fraud: How Doctored Bulletins Tricked Victims into Downloading the 'MizMaxs' Scam App","['Fake', 'News', ',', 'Real', 'Fraud', ':', 'How', 'Doctored', 'Bulletins', 'Tricked', 'Victims', 'into', 'Downloading', 'the', ""'MizMaxs"", ""'"", 'Scam', 'App']","[""Fake News, Real Fraud: How Doctored Bulletins Tricked Victims into Downloading the 'MizMaxs' Scam App""]","['Fake', 'News', ',', 'Real', 'Fraud', ':', 'Doctored', 'Bulletins', 'Tricked', 'Victims', 'Downloading', ""'MizMaxs"", ""'"", 'Scam', 'App']","[('Fake', 'NNP'), ('News', 'NNP'), (',', ','), ('Real', 'NNP'), ('Fraud', 'NNP'), (':', ':'), ('Doctored', 'VBD'), ('Bulletins', 'NNP'), ('Tricked', 'NNP'), ('Victims', 'NNP'), ('Downloading', 'NNP'), (""'MizMaxs"", 'NNP'), (""'"", 'POS'), ('Scam', 'NNP'), ('App', 'NNP')]","[('Fake News', 'ORG')]",-0.15,"['Fake', 'News', ',', 'Real', 'Fraud', ':', 'how', 'Doctored', 'bulletin', 'trick', 'Victims', 'into', 'download', 'the', ""'"", 'MizMaxs', ""'"", 'Scam', 'App']"
Zakharova comments on fake news attributed to Russian and Azerbaijani officials,"['Zakharova', 'comments', 'on', 'fake', 'news', 'attributed', 'to', 'Russian', 'and', 'Azerbaijani', 'officials']",['Zakharova comments on fake news attributed to Russian and Azerbaijani officials'],"['Zakharova', 'comments', 'fake', 'news', 'attributed', 'Russian', 'Azerbaijani', 'officials']","[('Zakharova', 'NNP'), ('comments', 'NNS'), ('fake', 'VBP'), ('news', 'NN'), ('attributed', 'VBD'), ('Russian', 'JJ'), ('Azerbaijani', 'NNP'), ('officials', 'NNS')]","[('Zakharova', 'ORG'), ('Russian', 'NORP'), ('Azerbaijani', 'ORG')]",-0.25,"['Zakharova', 'comment', 'on', 'fake', 'news', 'attribute', 'to', 'russian', 'and', 'Azerbaijani', 'official']"
The Double-Edged Sword of Knowledge: Why we must protect truth in the age of misinformation,"['The', 'Double-Edged', 'Sword', 'of', 'Knowledge', ':', 'Why', 'we', 'must', 'protect', 'truth', 'in', 'the', 'age', 'of', 'misinformation']",['The Double-Edged Sword of Knowledge: Why we must protect truth in the age of misinformation'],"['Double-Edged', 'Sword', 'Knowledge', ':', 'must', 'protect', 'truth', 'age', 'misinformation']","[('Double-Edged', 'JJ'), ('Sword', 'NNP'), ('Knowledge', 'NNP'), (':', ':'), ('must', 'MD'), ('protect', 'VB'), ('truth', 'NN'), ('age', 'NN'), ('misinformation', 'NN')]",[],0.0,"['the', 'double', '-', 'edged', 'Sword', 'of', 'Knowledge', ':', 'why', 'we', 'must', 'protect', 'truth', 'in', 'the', 'age', 'of', 'misinformation']"
"Letter: Fake news you can trust, Part 3","['Letter', ':', 'Fake', 'news', 'you', 'can', 'trust', ',', 'Part', '3']","['Letter: Fake news you can trust, Part 3']","['Letter', ':', 'Fake', 'news', 'trust', ',', 'Part', '3']","[('Letter', 'NN'), (':', ':'), ('Fake', 'NNP'), ('news', 'NN'), ('trust', 'NN'), (',', ','), ('Part', 'NNP'), ('3', 'CD')]","[('3', 'CARDINAL')]",-0.5,"['letter', ':', 'fake', 'news', 'you', 'can', 'trust', ',', 'part', '3']"
Rome mayor slams fake news about Jubilee chaos,"['Rome', 'mayor', 'slams', 'fake', 'news', 'about', 'Jubilee', 'chaos']",['Rome mayor slams fake news about Jubilee chaos'],"['Rome', 'mayor', 'slams', 'fake', 'news', 'Jubilee', 'chaos']","[('Rome', 'NNP'), ('mayor', 'NN'), ('slams', 'NNS'), ('fake', 'VBP'), ('news', 'NN'), ('Jubilee', 'NNP'), ('chaos', 'NN')]","[('Rome', 'GPE'), ('Jubilee', 'PERSON')]",-0.5,"['Rome', 'mayor', 'slam', 'fake', 'news', 'about', 'Jubilee', 'chaos']"
HHS head blames 'instantaneous' disinformation for low trust: 'Can't go toe-to-toe with social media',"['HHS', 'head', 'blames', ""'instantaneous"", ""'"", 'disinformation', 'for', 'low', 'trust', ':', ""'Ca"", ""n't"", 'go', 'toe-to-toe', 'with', 'social', 'media', ""'""]","[""HHS head blames 'instantaneous' disinformation for low trust: 'Can't go toe-to-toe with social media'""]","['HHS', 'head', 'blames', ""'instantaneous"", ""'"", 'disinformation', 'low', 'trust', ':', ""'Ca"", ""n't"", 'go', 'toe-to-toe', 'social', 'media', ""'""]","[('HHS', 'NNP'), ('head', 'NN'), ('blames', 'RB'), (""'instantaneous"", 'JJ'), (""'"", 'POS'), ('disinformation', 'NN'), ('low', 'JJ'), ('trust', 'NN'), (':', ':'), (""'Ca"", 'VBP'), (""n't"", 'RB'), ('go', 'VB'), ('toe-to-toe', 'JJ'), ('social', 'JJ'), ('media', 'NNS'), (""'"", 'POS')]","[('HHS', 'ORG')]",0.016666666666666666,"['HHS', 'head', 'blame', ""'"", 'instantaneous', ""'"", 'disinformation', 'for', 'low', 'trust', ':', ""'"", 'can', 'not', 'go', 'toe', '-', 'to', '-', 'toe', 'with', 'social', 'medium', ""'""]"
Exclusive: German Official Under Fire For Claim Israel Stokes ‘disinformation’ Against UNRWA,"['Exclusive', ':', 'German', 'Official', 'Under', 'Fire', 'For', 'Claim', 'Israel', 'Stokes', '‘', 'disinformation', '’', 'Against', 'UNRWA']",['Exclusive: German Official Under Fire For Claim Israel Stokes ‘disinformation’ Against UNRWA'],"['Exclusive', ':', 'German', 'Official', 'Fire', 'Claim', 'Israel', 'Stokes', '‘', 'disinformation', '’', 'UNRWA']","[('Exclusive', 'NN'), (':', ':'), ('German', 'JJ'), ('Official', 'NNP'), ('Fire', 'NNP'), ('Claim', 'NNP'), ('Israel', 'NNP'), ('Stokes', 'NNP'), ('‘', 'NNP'), ('disinformation', 'NN'), ('’', 'NNP'), ('UNRWA', 'NNP')]","[('German', 'NORP'), ('UNRWA', 'ORG')]",0.0,"['exclusive', ':', 'german', 'Official', 'under', 'Fire', 'for', 'Claim', 'Israel', 'Stokes', ""'"", 'disinformation', ""'"", 'against', 'UNRWA']"
ANALYSIS: Why Hogue thinks disinformation is democracy’s greatest threat,"['ANALYSIS', ':', 'Why', 'Hogue', 'thinks', 'disinformation', 'is', 'democracy', '’', 's', 'greatest', 'threat']",['ANALYSIS: Why Hogue thinks disinformation is democracy’s greatest threat'],"['ANALYSIS', ':', 'Hogue', 'thinks', 'disinformation', 'democracy', '’', 'greatest', 'threat']","[('ANALYSIS', 'NN'), (':', ':'), ('Hogue', 'NNP'), ('thinks', 'VBZ'), ('disinformation', 'NN'), ('democracy', 'NN'), ('’', 'NNP'), ('greatest', 'JJS'), ('threat', 'NN')]",[],1.0,"['ANALYSIS', ':', 'why', 'Hogue', 'think', 'disinformation', 'be', 'democracy', '’s', 'great', 'threat']"
"East Front News #30: Defence24 Days 2025, New Armored Vehicles for the Polish Army; Protection against disinformation","['East', 'Front', 'News', '#', '30', ':', 'Defence24', 'Days', '2025', ',', 'New', 'Armored', 'Vehicles', 'for', 'the', 'Polish', 'Army', ';', 'Protection', 'against', 'disinformation']","['East Front News #30: Defence24 Days 2025, New Armored Vehicles for the Polish Army; Protection against disinformation']","['East', 'Front', 'News', '#', '30', ':', 'Defence24', 'Days', '2025', ',', 'New', 'Armored', 'Vehicles', 'Polish', 'Army', ';', 'Protection', 'disinformation']","[('East', 'NNP'), ('Front', 'NNP'), ('News', 'NNP'), ('#', '#'), ('30', 'CD'), (':', ':'), ('Defence24', 'NNP'), ('Days', 'NNP'), ('2025', 'CD'), (',', ','), ('New', 'NNP'), ('Armored', 'NNP'), ('Vehicles', 'NNP'), ('Polish', 'NNP'), ('Army', 'NNP'), (';', ':'), ('Protection', 'NNP'), ('disinformation', 'NN')]","[('East Front News', 'ORG'), ('30', 'MONEY'), ('Days 2025', 'DATE'), ('the Polish Army', 'ORG')]",0.13636363636363635,"['East', 'Front', 'News', '#', '30', ':', 'Defence24', 'day', '2025', ',', 'New', 'Armored', 'Vehicles', 'for', 'the', 'Polish', 'Army', ';', 'protection', 'against', 'disinformation']"
Top ten disinformation stories in the EU that the META fact-checking program helped mitigate,"['Top', 'ten', 'disinformation', 'stories', 'in', 'the', 'EU', 'that', 'the', 'META', 'fact-checking', 'program', 'helped', 'mitigate']",['Top ten disinformation stories in the EU that the META fact-checking program helped mitigate'],"['Top', 'ten', 'disinformation', 'stories', 'EU', 'META', 'fact-checking', 'program', 'helped', 'mitigate']","[('Top', 'JJ'), ('ten', 'NN'), ('disinformation', 'NN'), ('stories', 'NNS'), ('EU', 'NNP'), ('META', 'NNP'), ('fact-checking', 'JJ'), ('program', 'NN'), ('helped', 'VBD'), ('mitigate', 'VB')]","[('ten', 'CARDINAL'), ('EU', 'ORG'), ('META', 'ORG')]",0.25,"['top', 'ten', 'disinformation', 'story', 'in', 'the', 'EU', 'that', 'the', 'meta', 'fact', '-', 'check', 'program', 'helped', 'mitigate']"
Digital advances speed up information flow like never before / Truth Talks: Sweden,"['Digital', 'advances', 'speed', 'up', 'information', 'flow', 'like', 'never', 'before', '/', 'Truth', 'Talks', ':', 'Sweden']",['Digital advances speed up information flow like never before / Truth Talks: Sweden'],"['Digital', 'advances', 'speed', 'information', 'flow', 'like', 'never', '/', 'Truth', 'Talks', ':', 'Sweden']","[('Digital', 'NNP'), ('advances', 'NNS'), ('speed', 'NN'), ('information', 'NN'), ('flow', 'NN'), ('like', 'IN'), ('never', 'RB'), ('/', 'NNP'), ('Truth', 'NNP'), ('Talks', 'NNS'), (':', ':'), ('Sweden', 'NNP')]","[('Digital', 'ORG'), ('Sweden', 'GPE')]",0.0,"['Digital', 'advance', 'speed', 'up', 'information', 'flow', 'like', 'never', 'before', '/', 'Truth', 'Talks', ':', 'Sweden']"
Global Leaders Unite To Combat Misinformation Threats,"['Global', 'Leaders', 'Unite', 'To', 'Combat', 'Misinformation', 'Threats']",['Global Leaders Unite To Combat Misinformation Threats'],"['Global', 'Leaders', 'Unite', 'Combat', 'Misinformation', 'Threats']","[('Global', 'JJ'), ('Leaders', 'NNP'), ('Unite', 'NNP'), ('Combat', 'NNP'), ('Misinformation', 'NNP'), ('Threats', 'NNP')]",[],0.0,"['Global', 'Leaders', 'Unite', 'to', 'Combat', 'Misinformation', 'Threats']"
ANALYSIS: Why Hogue thinks disinformation is democracy’s greatest threat,"['ANALYSIS', ':', 'Why', 'Hogue', 'thinks', 'disinformation', 'is', 'democracy', '’', 's', 'greatest', 'threat']",['ANALYSIS: Why Hogue thinks disinformation is democracy’s greatest threat'],"['ANALYSIS', ':', 'Hogue', 'thinks', 'disinformation', 'democracy', '’', 'greatest', 'threat']","[('ANALYSIS', 'NN'), (':', ':'), ('Hogue', 'NNP'), ('thinks', 'VBZ'), ('disinformation', 'NN'), ('democracy', 'NN'), ('’', 'NNP'), ('greatest', 'JJS'), ('threat', 'NN')]",[],1.0,"['ANALYSIS', ':', 'why', 'Hogue', 'think', 'disinformation', 'be', 'democracy', '’s', 'great', 'threat']"
Pakistan Passes Controversial Law Against Disinformation,"['Pakistan', 'Passes', 'Controversial', 'Law', 'Against', 'Disinformation']",['Pakistan Passes Controversial Law Against Disinformation'],"['Pakistan', 'Passes', 'Controversial', 'Law', 'Disinformation']","[('Pakistan', 'NNP'), ('Passes', 'NNP'), ('Controversial', 'NNP'), ('Law', 'NNP'), ('Disinformation', 'NN')]","[('Pakistan', 'GPE')]",0.55,"['Pakistan', 'pass', 'Controversial', 'Law', 'against', 'Disinformation']"
Headlines: Election officials launch disinformation register,"['Headlines', ':', 'Election', 'officials', 'launch', 'disinformation', 'register']",['Headlines: Election officials launch disinformation register'],"['Headlines', ':', 'Election', 'officials', 'launch', 'disinformation', 'register']","[('Headlines', 'NNS'), (':', ':'), ('Election', 'NN'), ('officials', 'NNS'), ('launch', 'JJ'), ('disinformation', 'NN'), ('register', 'NN')]",[],0.0,"['headline', ':', 'election', 'official', 'launch', 'disinformation', 'register']"
Opposition Criticizes President Murmu's Address as Propaganda,"['Opposition', 'Criticizes', 'President', 'Murmu', ""'s"", 'Address', 'as', 'Propaganda']","[""Opposition Criticizes President Murmu's Address as Propaganda""]","['Opposition', 'Criticizes', 'President', 'Murmu', ""'s"", 'Address', 'Propaganda']","[('Opposition', 'NN'), ('Criticizes', 'NNP'), ('President', 'NNP'), ('Murmu', 'NNP'), (""'s"", 'POS'), ('Address', 'NNP'), ('Propaganda', 'NNP')]","[(""Murmu's Address"", 'ORG'), ('Propaganda', 'ORG')]",-0.1,"['opposition', 'criticize', 'President', 'Murmu', ""'s"", 'Address', 'as', 'Propaganda']"
Russia has started taking DNA samples from people charged with misdemeanors — like participating in ‘unsanctioned’ protests and promoting ‘childfree propaganda’,"['Russia', 'has', 'started', 'taking', 'DNA', 'samples', 'from', 'people', 'charged', 'with', 'misdemeanors', '—', 'like', 'participating', 'in', '‘', 'unsanctioned', '’', 'protests', 'and', 'promoting', '‘', 'childfree', 'propaganda', '’']",['Russia has started taking DNA samples from people charged with misdemeanors — like participating in ‘unsanctioned’ protests and promoting ‘childfree propaganda’'],"['Russia', 'started', 'taking', 'DNA', 'samples', 'people', 'charged', 'misdemeanors', '—', 'like', 'participating', '‘', 'unsanctioned', '’', 'protests', 'promoting', '‘', 'childfree', 'propaganda', '’']","[('Russia', 'NNP'), ('started', 'VBD'), ('taking', 'VBG'), ('DNA', 'NN'), ('samples', 'NNS'), ('people', 'NNS'), ('charged', 'VBD'), ('misdemeanors', 'NNS'), ('—', 'VBP'), ('like', 'IN'), ('participating', 'VBG'), ('‘', 'NN'), ('unsanctioned', 'JJ'), ('’', 'JJ'), ('protests', 'NNS'), ('promoting', 'VBG'), ('‘', 'JJ'), ('childfree', 'JJ'), ('propaganda', 'NN'), ('’', 'NN')]","[('Russia', 'GPE')]",-0.1,"['Russia', 'have', 'start', 'take', 'dna', 'sample', 'from', 'people', 'charge', 'with', 'misdemeanor', '—', 'like', 'participate', 'in', ""'"", 'unsanctioned', ""'"", 'protest', 'and', 'promote', ""'"", 'childfree', 'propaganda', ""'""]"
'Love to see RFK squirm': RFK Jr. grilled by Bernie Sanders about his anti-vaccine propaganda,"[""'Love"", 'to', 'see', 'RFK', 'squirm', ""'"", ':', 'RFK', 'Jr.', 'grilled', 'by', 'Bernie', 'Sanders', 'about', 'his', 'anti-vaccine', 'propaganda']","[""'Love to see RFK squirm': RFK Jr. grilled by Bernie Sanders about his anti-vaccine propaganda""]","[""'Love"", 'see', 'RFK', 'squirm', ""'"", ':', 'RFK', 'Jr.', 'grilled', 'Bernie', 'Sanders', 'anti-vaccine', 'propaganda']","[(""'Love"", 'POS'), ('see', 'NN'), ('RFK', 'NNP'), ('squirm', 'NN'), (""'"", ""''""), (':', ':'), ('RFK', 'NNP'), ('Jr.', 'NNP'), ('grilled', 'VBD'), ('Bernie', 'NNP'), ('Sanders', 'NNP'), ('anti-vaccine', 'JJ'), ('propaganda', 'NN')]","[('Love', 'WORK_OF_ART'), ('RFK', 'ORG'), ('RFK', 'ORG'), ('Bernie Sanders', 'PERSON')]",0.2,"[""'"", 'love', 'to', 'see', 'RFK', 'squirm', ""'"", ':', 'RFK', 'Jr.', 'grill', 'by', 'Bernie', 'Sanders', 'about', 'his', 'anti', '-', 'vaccine', 'propaganda']"
Senator Babet,"['Senator', 'Babet']",['Senator Babet'],"['Senator', 'Babet']","[('Senator', 'NNP'), ('Babet', 'NNP')]","[('Babet', 'PERSON')]",0.0,"['Senator', 'Babet']"
Russian propaganda spreads fake about men receiving summonses abroad and being deported to Ukraine,"['Russian', 'propaganda', 'spreads', 'fake', 'about', 'men', 'receiving', 'summonses', 'abroad', 'and', 'being', 'deported', 'to', 'Ukraine']",['Russian propaganda spreads fake about men receiving summonses abroad and being deported to Ukraine'],"['Russian', 'propaganda', 'spreads', 'fake', 'men', 'receiving', 'summonses', 'abroad', 'deported', 'Ukraine']","[('Russian', 'JJ'), ('propaganda', 'NN'), ('spreads', 'NNS'), ('fake', 'VBP'), ('men', 'NNS'), ('receiving', 'VBG'), ('summonses', 'NNS'), ('abroad', 'RB'), ('deported', 'VBD'), ('Ukraine', 'NNP')]","[('Russian', 'NORP'), ('Ukraine', 'GPE')]",-0.19999999999999998,"['russian', 'propaganda', 'spread', 'fake', 'about', 'man', 'receive', 'summons', 'abroad', 'and', 'be', 'deport', 'to', 'Ukraine']"
"India News | BJD MP Sasmit Patra Critiques President's Address, Calls It 'propaganda Statement'","['India', 'News', '|', 'BJD', 'MP', 'Sasmit', 'Patra', 'Critiques', 'President', ""'s"", 'Address', ',', 'Calls', 'It', ""'propaganda"", 'Statement', ""'""]","[""India News | BJD MP Sasmit Patra Critiques President's Address, Calls It 'propaganda Statement'""]","['India', 'News', '|', 'BJD', 'MP', 'Sasmit', 'Patra', 'Critiques', 'President', ""'s"", 'Address', ',', 'Calls', ""'propaganda"", 'Statement', ""'""]","[('India', 'NNP'), ('News', 'NNP'), ('|', 'NNP'), ('BJD', 'NNP'), ('MP', 'NNP'), ('Sasmit', 'NNP'), ('Patra', 'NNP'), ('Critiques', 'NNP'), ('President', 'NNP'), (""'s"", 'POS'), ('Address', 'NNP'), (',', ','), ('Calls', 'NNP'), (""'propaganda"", 'POS'), ('Statement', 'NNP'), (""'"", 'POS')]","[('India News', 'ORG'), ('BJD MP Sasmit Patra Critiques', 'ORG')]",-0.1,"['India', 'News', '|', 'BJD', 'MP', 'Sasmit', 'Patra', 'Critiques', 'President', ""'s"", 'Address', ',', 'call', 'it', ""'"", 'propaganda', 'Statement', ""'""]"
"""NOT THE PROBLEM!"" Man Utd Fan DEFENDS Rashford From 'PROPAGANDA' & INSISTS Hojlund Should Go First!","['``', 'NOT', 'THE', 'PROBLEM', '!', ""''"", 'Man', 'Utd', 'Fan', 'DEFENDS', 'Rashford', 'From', ""'PROPAGANDA"", ""'"", '&', 'INSISTS', 'Hojlund', 'Should', 'Go', 'First', '!']","['""NOT THE PROBLEM!""', ""Man Utd Fan DEFENDS Rashford From 'PROPAGANDA' & INSISTS Hojlund Should Go First!""]","['``', 'PROBLEM', '!', ""''"", 'Man', 'Utd', 'Fan', 'DEFENDS', 'Rashford', ""'PROPAGANDA"", ""'"", '&', 'INSISTS', 'Hojlund', 'Go', 'First', '!']","[('``', '``'), ('PROBLEM', 'NN'), ('!', '.'), (""''"", ""''""), ('Man', 'NNP'), ('Utd', 'NNP'), ('Fan', 'NNP'), ('DEFENDS', 'NNP'), ('Rashford', 'NNP'), (""'PROPAGANDA"", 'NNP'), (""'"", 'POS'), ('&', 'CC'), ('INSISTS', 'NNP'), ('Hojlund', 'NNP'), ('Go', 'NNP'), ('First', 'RB'), ('!', '.')]","[('PROBLEM', 'ORG'), ('Man Utd Fan DEFENDS Rashford', 'WORK_OF_ART'), ('First', 'ORDINAL')]",0.10625,"['""', 'not', 'the', 'PROBLEM', '!', '""', 'Man', 'Utd', 'Fan', 'defends', 'Rashford', 'from', ""'"", 'PROPAGANDA', ""'"", '&', 'INSISTS', 'Hojlund', 'should', 'go', 'first', '!']"
Israeli ‘propaganda’ AI bot turns into 'pro-Palestine machine',"['Israeli', '‘', 'propaganda', '’', 'AI', 'bot', 'turns', 'into', ""'pro-Palestine"", 'machine', ""'""]","[""Israeli ‘propaganda’ AI bot turns into 'pro-Palestine machine'""]","['Israeli', '‘', 'propaganda', '’', 'AI', 'bot', 'turns', ""'pro-Palestine"", 'machine', ""'""]","[('Israeli', 'JJ'), ('‘', 'NNP'), ('propaganda', 'NN'), ('’', 'NNP'), ('AI', 'NNP'), ('bot', 'NN'), ('turns', 'VBZ'), (""'pro-Palestine"", 'JJ'), ('machine', 'NN'), (""'"", ""''"")]","[('Israeli', 'NORP'), ('AI', 'PERSON'), ('pro-Palestine', 'NORP')]",-0.1,"['israeli', ""'"", 'propaganda', ""'"", 'AI', 'bot', 'turn', 'into', ""'"", 'pro', '-', 'palestine', 'machine', ""'""]"
'Pure propaganda' — Kharkiv Oblast governor denies Russian claims of capturing Dvorichna,"[""'Pure"", 'propaganda', ""'"", '—', 'Kharkiv', 'Oblast', 'governor', 'denies', 'Russian', 'claims', 'of', 'capturing', 'Dvorichna']","[""'Pure propaganda' — Kharkiv Oblast governor denies Russian claims of capturing Dvorichna""]","[""'Pure"", 'propaganda', ""'"", '—', 'Kharkiv', 'Oblast', 'governor', 'denies', 'Russian', 'claims', 'capturing', 'Dvorichna']","[(""'Pure"", 'NN'), ('propaganda', 'NN'), (""'"", ""''""), ('—', 'JJ'), ('Kharkiv', 'NNP'), ('Oblast', 'NNP'), ('governor', 'NN'), ('denies', 'VBZ'), ('Russian', 'JJ'), ('claims', 'NNS'), ('capturing', 'VBG'), ('Dvorichna', 'NNP')]","[('Kharkiv Oblast', 'ORG'), ('Russian', 'NORP'), ('Dvorichna', 'PERSON')]",0.03809523809523809,"[""'"", 'pure', 'propaganda', ""'"", '—', 'Kharkiv', 'Oblast', 'governor', 'deny', 'russian', 'claim', 'of', 'capture', 'Dvorichna']"
Re:Baltica examines Baltic emigrants turned Kremlin propagandists / Article,"['Re', ':', 'Baltica', 'examines', 'Baltic', 'emigrants', 'turned', 'Kremlin', 'propagandists', '/', 'Article']",['Re:Baltica examines Baltic emigrants turned Kremlin propagandists / Article'],"[':', 'Baltica', 'examines', 'Baltic', 'emigrants', 'turned', 'Kremlin', 'propagandists', '/', 'Article']","[(':', ':'), ('Baltica', 'NNP'), ('examines', 'VBZ'), ('Baltic', 'NNP'), ('emigrants', 'NNS'), ('turned', 'VBD'), ('Kremlin', 'NNP'), ('propagandists', 'NNS'), ('/', 'VBP'), ('Article', 'NN')]","[('Baltica', 'LOC'), ('Baltic', 'NORP'), ('Kremlin', 'ORG')]",0.0,"['re', ':', 'Baltica', 'examine', 'baltic', 'emigrant', 'turn', 'Kremlin', 'propagandist', '/', 'article']"
ClimateMiSt: Climate Change Misinformation and Stance Detection Dataset,"['ClimateMiSt', ':', 'Climate', 'Change', 'Misinformation', 'and', 'Stance', 'Detection', 'Dataset']",['ClimateMiSt: Climate Change Misinformation and Stance Detection Dataset'],"['ClimateMiSt', ':', 'Climate', 'Change', 'Misinformation', 'Stance', 'Detection', 'Dataset']","[('ClimateMiSt', 'NN'), (':', ':'), ('Climate', 'NNP'), ('Change', 'NNP'), ('Misinformation', 'NNP'), ('Stance', 'NNP'), ('Detection', 'NNP'), ('Dataset', 'NNP')]","[('Stance Detection Dataset', 'ORG')]",0.0,"['ClimateMiSt', ':', 'climate', 'Change', 'Misinformation', 'and', 'Stance', 'Detection', 'Dataset']"
PARALLAX: Leveraging Polarization Knowledge for Misinformation Detection,"['PARALLAX', ':', 'Leveraging', 'Polarization', 'Knowledge', 'for', 'Misinformation', 'Detection']",['PARALLAX: Leveraging Polarization Knowledge for Misinformation Detection'],"['PARALLAX', ':', 'Leveraging', 'Polarization', 'Knowledge', 'Misinformation', 'Detection']","[('PARALLAX', 'NN'), (':', ':'), ('Leveraging', 'JJ'), ('Polarization', 'NNP'), ('Knowledge', 'NNP'), ('Misinformation', 'NNP'), ('Detection', 'NNP')]",[],0.0,"['parallax', ':', 'leverage', 'Polarization', 'Knowledge', 'for', 'Misinformation', 'Detection']"
(PDF) Fake News Detection on Social Networks: A Survey,"['(', 'PDF', ')', 'Fake', 'News', 'Detection', 'on', 'Social', 'Networks', ':', 'A', 'Survey']",['(PDF) Fake News Detection on Social Networks: A Survey'],"['(', 'PDF', ')', 'Fake', 'News', 'Detection', 'Social', 'Networks', ':', 'Survey']","[('(', '('), ('PDF', 'NNP'), (')', ')'), ('Fake', 'NNP'), ('News', 'NNP'), ('Detection', 'NNP'), ('Social', 'NNP'), ('Networks', 'NNP'), (':', ':'), ('Survey', 'NN')]","[('PDF) Fake News Detection on Social Networks', 'ORG')]",-0.23333333333333334,"['(', 'PDF', ')', 'Fake', 'News', 'Detection', 'on', 'Social', 'Networks', ':', 'a', 'survey']"
(PDF) A hybrid model for fake news detection: Leveraging news content and user comments in fake news,"['(', 'PDF', ')', 'A', 'hybrid', 'model', 'for', 'fake', 'news', 'detection', ':', 'Leveraging', 'news', 'content', 'and', 'user', 'comments', 'in', 'fake', 'news']",['(PDF) A hybrid model for fake news detection: Leveraging news content and user comments in fake news'],"['(', 'PDF', ')', 'hybrid', 'model', 'fake', 'news', 'detection', ':', 'Leveraging', 'news', 'content', 'user', 'comments', 'fake', 'news']","[('(', '('), ('PDF', 'NNP'), (')', ')'), ('hybrid', 'VBP'), ('model', 'NNS'), ('fake', 'JJ'), ('news', 'NN'), ('detection', 'NN'), (':', ':'), ('Leveraging', 'VBG'), ('news', 'NN'), ('content', 'NN'), ('user', 'NN'), ('comments', 'NNS'), ('fake', 'VBP'), ('news', 'NN')]","[('PDF', 'ORG')]",-0.5,"['(', 'PDF', ')', 'a', 'hybrid', 'model', 'for', 'fake', 'news', 'detection', ':', 'leverage', 'news', 'content', 'and', 'user', 'comment', 'in', 'fake', 'news']"
(PDF) Beyond “fake news”: Analytic thinking and the detection of false and hyperpartisan news headlines,"['(', 'PDF', ')', 'Beyond', '“', 'fake', 'news', '”', ':', 'Analytic', 'thinking', 'and', 'the', 'detection', 'of', 'false', 'and', 'hyperpartisan', 'news', 'headlines']",['(PDF) Beyond “fake news”: Analytic thinking and the detection of false and hyperpartisan news headlines'],"['(', 'PDF', ')', 'Beyond', '“', 'fake', 'news', '”', ':', 'Analytic', 'thinking', 'detection', 'false', 'hyperpartisan', 'news', 'headlines']","[('(', '('), ('PDF', 'NNP'), (')', ')'), ('Beyond', 'NNP'), ('“', 'NNP'), ('fake', 'JJ'), ('news', 'NN'), ('”', 'NN'), (':', ':'), ('Analytic', 'JJ'), ('thinking', 'NN'), ('detection', 'NN'), ('false', 'JJ'), ('hyperpartisan', 'JJ'), ('news', 'NN'), ('headlines', 'NNS')]","[('PDF', 'ORG')]",-0.45000000000000007,"['(', 'PDF', ')', 'beyond', '""', 'fake', 'news', '""', ':', 'analytic', 'thinking', 'and', 'the', 'detection', 'of', 'false', 'and', 'hyperpartisan', 'news', 'headline']"
(PDF) A Blockchain System for Fake News Detection,"['(', 'PDF', ')', 'A', 'Blockchain', 'System', 'for', 'Fake', 'News', 'Detection']",['(PDF) A Blockchain System for Fake News Detection'],"['(', 'PDF', ')', 'Blockchain', 'System', 'Fake', 'News', 'Detection']","[('(', '('), ('PDF', 'NNP'), (')', ')'), ('Blockchain', 'NNP'), ('System', 'NNP'), ('Fake', 'NNP'), ('News', 'NNP'), ('Detection', 'NNP')]","[('PDF', 'ORG')]",-0.5,"['(', 'PDF', ')', 'a', 'Blockchain', 'System', 'for', 'Fake', 'News', 'Detection']"
Almost all adults struggle to detect online misinformation,"['Almost', 'all', 'adults', 'struggle', 'to', 'detect', 'online', 'misinformation']",['Almost all adults struggle to detect online misinformation'],"['Almost', 'adults', 'struggle', 'detect', 'online', 'misinformation']","[('Almost', 'RB'), ('adults', 'NNS'), ('struggle', 'VBP'), ('detect', 'JJ'), ('online', 'NN'), ('misinformation', 'NN')]",[],0.0,"['almost', 'all', 'adult', 'struggle', 'to', 'detect', 'online', 'misinformation']"
How to Create a Fake News Detection System?,"['How', 'to', 'Create', 'a', 'Fake', 'News', 'Detection', 'System', '?']",['How to Create a Fake News Detection System?'],"['Create', 'Fake', 'News', 'Detection', 'System', '?']","[('Create', 'NNP'), ('Fake', 'NNP'), ('News', 'NNP'), ('Detection', 'NNP'), ('System', 'NNP'), ('?', '.')]","[('Create a Fake News Detection System', 'ORG')]",-0.5,"['how', 'to', 'create', 'a', 'Fake', 'News', 'Detection', 'System', '?']"
Leveraging AI for Effective Fake News Detection and Verification,"['Leveraging', 'AI', 'for', 'Effective', 'Fake', 'News', 'Detection', 'and', 'Verification']",['Leveraging AI for Effective Fake News Detection and Verification'],"['Leveraging', 'AI', 'Effective', 'Fake', 'News', 'Detection', 'Verification']","[('Leveraging', 'VBG'), ('AI', 'NNP'), ('Effective', 'NNP'), ('Fake', 'NNP'), ('News', 'NNP'), ('Detection', 'NNP'), ('Verification', 'NNP')]",[],0.04999999999999999,"['leverage', 'AI', 'for', 'Effective', 'Fake', 'News', 'Detection', 'and', 'Verification']"
AI detection tool helps journalists identify and combat deepfakes,"['AI', 'detection', 'tool', 'helps', 'journalists', 'identify', 'and', 'combat', 'deepfakes']",['AI detection tool helps journalists identify and combat deepfakes'],"['AI', 'detection', 'tool', 'helps', 'journalists', 'identify', 'combat', 'deepfakes']","[('AI', 'NNP'), ('detection', 'NN'), ('tool', 'NN'), ('helps', 'VBZ'), ('journalists', 'NNS'), ('identify', 'VB'), ('combat', 'NN'), ('deepfakes', 'NNS')]",[],0.0,"['AI', 'detection', 'tool', 'help', 'journalist', 'identify', 'and', 'combat', 'deepfake']"
Smarter Fake News Detection with Graph-Enhanced AI Framework,"['Smarter', 'Fake', 'News', 'Detection', 'with', 'Graph-Enhanced', 'AI', 'Framework']",['Smarter Fake News Detection with Graph-Enhanced AI Framework'],"['Smarter', 'Fake', 'News', 'Detection', 'Graph-Enhanced', 'AI', 'Framework']","[('Smarter', 'NNP'), ('Fake', 'NNP'), ('News', 'NNP'), ('Detection', 'NNP'), ('Graph-Enhanced', 'NNP'), ('AI', 'NNP'), ('Framework', 'NNP')]","[('Smarter Fake News Detection', 'ORG')]",-0.5,"['Smarter', 'Fake', 'News', 'Detection', 'with', 'Graph', '-', 'Enhanced', 'AI', 'Framework']"
Researchers Develop AI Tool to Accurately Detect Fake News,"['Researchers', 'Develop', 'AI', 'Tool', 'to', 'Accurately', 'Detect', 'Fake', 'News']",['Researchers Develop AI Tool to Accurately Detect Fake News'],"['Researchers', 'Develop', 'AI', 'Tool', 'Accurately', 'Detect', 'Fake', 'News']","[('Researchers', 'NNS'), ('Develop', 'NNP'), ('AI', 'NNP'), ('Tool', 'NNP'), ('Accurately', 'NNP'), ('Detect', 'NNP'), ('Fake', 'NNP'), ('News', 'NNP')]","[('Researchers Develop AI Tool', 'ORG'), ('Detect Fake News', 'WORK_OF_ART')]",-0.04999999999999996,"['researcher', 'Develop', 'AI', 'tool', 'to', 'accurately', 'detect', 'Fake', 'news']"
New AI tool detects fake news with 99% accuracy,"['New', 'AI', 'tool', 'detects', 'fake', 'news', 'with', '99', '%', 'accuracy']",['New AI tool detects fake news with 99% accuracy'],"['New', 'AI', 'tool', 'detects', 'fake', 'news', '99', '%', 'accuracy']","[('New', 'NNP'), ('AI', 'NNP'), ('tool', 'NN'), ('detects', 'NNS'), ('fake', 'VBP'), ('news', 'NN'), ('99', 'CD'), ('%', 'NN'), ('accuracy', 'NN')]","[('99%', 'PERCENT')]",-0.18181818181818182,"['New', 'AI', 'tool', 'detect', 'fake', 'news', 'with', '99', '%', 'accuracy']"
Hierarchical graph-based integration network for propaganda detection in textual news articles on social media,"['Hierarchical', 'graph-based', 'integration', 'network', 'for', 'propaganda', 'detection', 'in', 'textual', 'news', 'articles', 'on', 'social', 'media']",['Hierarchical graph-based integration network for propaganda detection in textual news articles on social media'],"['Hierarchical', 'graph-based', 'integration', 'network', 'propaganda', 'detection', 'textual', 'news', 'articles', 'social', 'media']","[('Hierarchical', 'JJ'), ('graph-based', 'JJ'), ('integration', 'NN'), ('network', 'NN'), ('propaganda', 'NN'), ('detection', 'NN'), ('textual', 'JJ'), ('news', 'NN'), ('articles', 'NNS'), ('social', 'JJ'), ('media', 'NNS')]",[],-0.03333333333333334,"['hierarchical', 'graph', '-', 'base', 'integration', 'network', 'for', 'propaganda', 'detection', 'in', 'textual', 'news', 'article', 'on', 'social', 'medium']"
(PDF) Fake News Detection on Social Networks: A Survey,"['(', 'PDF', ')', 'Fake', 'News', 'Detection', 'on', 'Social', 'Networks', ':', 'A', 'Survey']",['(PDF) Fake News Detection on Social Networks: A Survey'],"['(', 'PDF', ')', 'Fake', 'News', 'Detection', 'Social', 'Networks', ':', 'Survey']","[('(', '('), ('PDF', 'NNP'), (')', ')'), ('Fake', 'NNP'), ('News', 'NNP'), ('Detection', 'NNP'), ('Social', 'NNP'), ('Networks', 'NNP'), (':', ':'), ('Survey', 'NN')]","[('PDF) Fake News Detection on Social Networks', 'ORG')]",-0.23333333333333334,"['(', 'PDF', ')', 'Fake', 'News', 'Detection', 'on', 'Social', 'Networks', ':', 'a', 'survey']"
Novel approach for Arabic fake news classification using embedding from large language features with CNN-LSTM ensemble model and explainable AI,"['Novel', 'approach', 'for', 'Arabic', 'fake', 'news', 'classification', 'using', 'embedding', 'from', 'large', 'language', 'features', 'with', 'CNN-LSTM', 'ensemble', 'model', 'and', 'explainable', 'AI']",['Novel approach for Arabic fake news classification using embedding from large language features with CNN-LSTM ensemble model and explainable AI'],"['Novel', 'approach', 'Arabic', 'fake', 'news', 'classification', 'using', 'embedding', 'large', 'language', 'features', 'CNN-LSTM', 'ensemble', 'model', 'explainable', 'AI']","[('Novel', 'NNP'), ('approach', 'NN'), ('Arabic', 'NNP'), ('fake', 'VBP'), ('news', 'NN'), ('classification', 'NN'), ('using', 'VBG'), ('embedding', 'VBG'), ('large', 'JJ'), ('language', 'NN'), ('features', 'VBZ'), ('CNN-LSTM', 'NNP'), ('ensemble', 'JJ'), ('model', 'NN'), ('explainable', 'JJ'), ('AI', 'NNP')]","[('Arabic', 'LANGUAGE'), ('CNN', 'ORG'), ('AI', 'ORG')]",-0.14285714285714285,"['novel', 'approach', 'for', 'arabic', 'fake', 'news', 'classification', 'use', 'embed', 'from', 'large', 'language', 'feature', 'with', 'CNN', '-', 'LSTM', 'ensemble', 'model', 'and', 'explainable', 'AI']"
(PDF) A hybrid model for fake news detection: Leveraging news content and user comments in fake news,"['(', 'PDF', ')', 'A', 'hybrid', 'model', 'for', 'fake', 'news', 'detection', ':', 'Leveraging', 'news', 'content', 'and', 'user', 'comments', 'in', 'fake', 'news']",['(PDF) A hybrid model for fake news detection: Leveraging news content and user comments in fake news'],"['(', 'PDF', ')', 'hybrid', 'model', 'fake', 'news', 'detection', ':', 'Leveraging', 'news', 'content', 'user', 'comments', 'fake', 'news']","[('(', '('), ('PDF', 'NNP'), (')', ')'), ('hybrid', 'VBP'), ('model', 'NNS'), ('fake', 'JJ'), ('news', 'NN'), ('detection', 'NN'), (':', ':'), ('Leveraging', 'VBG'), ('news', 'NN'), ('content', 'NN'), ('user', 'NN'), ('comments', 'NNS'), ('fake', 'VBP'), ('news', 'NN')]","[('PDF', 'ORG')]",-0.5,"['(', 'PDF', ')', 'a', 'hybrid', 'model', 'for', 'fake', 'news', 'detection', ':', 'leverage', 'news', 'content', 'and', 'user', 'comment', 'in', 'fake', 'news']"
(PDF) Beyond “fake news”: Analytic thinking and the detection of false and hyperpartisan news headlines,"['(', 'PDF', ')', 'Beyond', '“', 'fake', 'news', '”', ':', 'Analytic', 'thinking', 'and', 'the', 'detection', 'of', 'false', 'and', 'hyperpartisan', 'news', 'headlines']",['(PDF) Beyond “fake news”: Analytic thinking and the detection of false and hyperpartisan news headlines'],"['(', 'PDF', ')', 'Beyond', '“', 'fake', 'news', '”', ':', 'Analytic', 'thinking', 'detection', 'false', 'hyperpartisan', 'news', 'headlines']","[('(', '('), ('PDF', 'NNP'), (')', ')'), ('Beyond', 'NNP'), ('“', 'NNP'), ('fake', 'JJ'), ('news', 'NN'), ('”', 'NN'), (':', ':'), ('Analytic', 'JJ'), ('thinking', 'NN'), ('detection', 'NN'), ('false', 'JJ'), ('hyperpartisan', 'JJ'), ('news', 'NN'), ('headlines', 'NNS')]","[('PDF', 'ORG')]",-0.45000000000000007,"['(', 'PDF', ')', 'beyond', '""', 'fake', 'news', '""', ':', 'analytic', 'thinking', 'and', 'the', 'detection', 'of', 'false', 'and', 'hyperpartisan', 'news', 'headline']"
(PDF) A Blockchain System for Fake News Detection,"['(', 'PDF', ')', 'A', 'Blockchain', 'System', 'for', 'Fake', 'News', 'Detection']",['(PDF) A Blockchain System for Fake News Detection'],"['(', 'PDF', ')', 'Blockchain', 'System', 'Fake', 'News', 'Detection']","[('(', '('), ('PDF', 'NNP'), (')', ')'), ('Blockchain', 'NNP'), ('System', 'NNP'), ('Fake', 'NNP'), ('News', 'NNP'), ('Detection', 'NNP')]","[('PDF', 'ORG')]",-0.5,"['(', 'PDF', ')', 'a', 'Blockchain', 'System', 'for', 'Fake', 'News', 'Detection']"
"Fact-checkers plan to enlist AI to verify fake news ahead of GE2025, boost volunteer pool","['Fact-checkers', 'plan', 'to', 'enlist', 'AI', 'to', 'verify', 'fake', 'news', 'ahead', 'of', 'GE2025', ',', 'boost', 'volunteer', 'pool']","['Fact-checkers plan to enlist AI to verify fake news ahead of GE2025, boost volunteer pool']","['Fact-checkers', 'plan', 'enlist', 'AI', 'verify', 'fake', 'news', 'ahead', 'GE2025', ',', 'boost', 'volunteer', 'pool']","[('Fact-checkers', 'NNS'), ('plan', 'NN'), ('enlist', 'VBP'), ('AI', 'NNP'), ('verify', 'FW'), ('fake', 'JJ'), ('news', 'NN'), ('ahead', 'RB'), ('GE2025', 'NNP'), (',', ','), ('boost', 'VB'), ('volunteer', 'NN'), ('pool', 'NN')]","[('AI', 'ORG'), ('GE2025', 'ORG')]",-0.5,"['fact', '-', 'checker', 'plan', 'to', 'enlist', 'AI', 'to', 'verify', 'fake', 'news', 'ahead', 'of', 'GE2025', ',', 'boost', 'volunteer', 'pool']"
Global Leaders Unite To Combat Misinformation Threats,"['Global', 'Leaders', 'Unite', 'To', 'Combat', 'Misinformation', 'Threats']",['Global Leaders Unite To Combat Misinformation Threats'],"['Global', 'Leaders', 'Unite', 'Combat', 'Misinformation', 'Threats']","[('Global', 'JJ'), ('Leaders', 'NNP'), ('Unite', 'NNP'), ('Combat', 'NNP'), ('Misinformation', 'NNP'), ('Threats', 'NNP')]",[],0.0,"['Global', 'Leaders', 'Unite', 'to', 'Combat', 'Misinformation', 'Threats']"
"CA calls for global support to combat misinformation, economic challenges in BD -","['CA', 'calls', 'for', 'global', 'support', 'to', 'combat', 'misinformation', ',', 'economic', 'challenges', 'in', 'BD', '-']","['CA calls for global support to combat misinformation, economic challenges in BD -']","['CA', 'calls', 'global', 'support', 'combat', 'misinformation', ',', 'economic', 'challenges', 'BD', '-']","[('CA', 'NNP'), ('calls', 'VBZ'), ('global', 'JJ'), ('support', 'NN'), ('combat', 'NN'), ('misinformation', 'NN'), (',', ','), ('economic', 'JJ'), ('challenges', 'NNS'), ('BD', 'NNP'), ('-', ':')]","[('CA', 'ORG')]",0.1,"['CA', 'call', 'for', 'global', 'support', 'to', 'combat', 'misinformation', ',', 'economic', 'challenge', 'in', 'BD', '-']"
Pakistan Criminalizes Online Disinformation for up to Three Years in Prison,"['Pakistan', 'Criminalizes', 'Online', 'Disinformation', 'for', 'up', 'to', 'Three', 'Years', 'in', 'Prison']",['Pakistan Criminalizes Online Disinformation for up to Three Years in Prison'],"['Pakistan', 'Criminalizes', 'Online', 'Disinformation', 'Three', 'Years', 'Prison']","[('Pakistan', 'NNP'), ('Criminalizes', 'NNP'), ('Online', 'NNP'), ('Disinformation', 'NNP'), ('Three', 'CD'), ('Years', 'NNP'), ('Prison', 'NNP')]","[('Pakistan Criminalizes Online Disinformation', 'ORG'), ('up to Three Years', 'DATE')]",0.0,"['Pakistan', 'Criminalizes', 'Online', 'Disinformation', 'for', 'up', 'to', 'three', 'year', 'in', 'Prison']"
"Pakistan bans disinformation with 3-year jail term, sparking Journalist protests","['Pakistan', 'bans', 'disinformation', 'with', '3-year', 'jail', 'term', ',', 'sparking', 'Journalist', 'protests']","['Pakistan bans disinformation with 3-year jail term, sparking Journalist protests']","['Pakistan', 'bans', 'disinformation', '3-year', 'jail', 'term', ',', 'sparking', 'Journalist', 'protests']","[('Pakistan', 'NNP'), ('bans', 'VBZ'), ('disinformation', 'JJ'), ('3-year', 'JJ'), ('jail', 'NN'), ('term', 'NN'), (',', ','), ('sparking', 'VBG'), ('Journalist', 'NN'), ('protests', 'NNS')]","[('Pakistan', 'GPE'), ('3-year', 'DATE'), ('Journalist', 'NORP')]",-0.1,"['Pakistan', 'ban', 'disinformation', 'with', '3', '-', 'year', 'jail', 'term', ',', 'spark', 'Journalist', 'protest']"
Malaysia launches AI chatbot to combat fake news,"['Malaysia', 'launches', 'AI', 'chatbot', 'to', 'combat', 'fake', 'news']",['Malaysia launches AI chatbot to combat fake news'],"['Malaysia', 'launches', 'AI', 'chatbot', 'combat', 'fake', 'news']","[('Malaysia', 'NNP'), ('launches', 'VBZ'), ('AI', 'NNP'), ('chatbot', 'NN'), ('combat', 'NN'), ('fake', 'VBP'), ('news', 'NN')]","[('Malaysia', 'GPE'), ('AI', 'ORG')]",-0.5,"['Malaysia', 'launch', 'AI', 'chatbot', 'to', 'combat', 'fake', 'news']"
"Climate Misinformation to Escalate on Social Media, Expert Warns","['Climate', 'Misinformation', 'to', 'Escalate', 'on', 'Social', 'Media', ',', 'Expert', 'Warns']","['Climate Misinformation to Escalate on Social Media, Expert Warns']","['Climate', 'Misinformation', 'Escalate', 'Social', 'Media', ',', 'Expert', 'Warns']","[('Climate', 'NNP'), ('Misinformation', 'NNP'), ('Escalate', 'NNP'), ('Social', 'NNP'), ('Media', 'NNP'), (',', ','), ('Expert', 'NNP'), ('Warns', 'NNP')]","[('Escalate', 'PERSON'), ('Social Media', 'ORG'), ('Expert Warns', 'PERSON')]",0.03333333333333333,"['climate', 'Misinformation', 'to', 'escalate', 'on', 'Social', 'Media', ',', 'Expert', 'warn']"
Ask the expert: What Meta’s new fact-checking policies mean for misinformation and hate speech,"['Ask', 'the', 'expert', ':', 'What', 'Meta', '’', 's', 'new', 'fact-checking', 'policies', 'mean', 'for', 'misinformation', 'and', 'hate', 'speech']",['Ask the expert: What Meta’s new fact-checking policies mean for misinformation and hate speech'],"['Ask', 'expert', ':', 'Meta', '’', 'new', 'fact-checking', 'policies', 'mean', 'misinformation', 'hate', 'speech']","[('Ask', 'NNP'), ('expert', 'NN'), (':', ':'), ('Meta', 'NNP'), ('’', 'NNP'), ('new', 'JJ'), ('fact-checking', 'JJ'), ('policies', 'NNS'), ('mean', 'VBP'), ('misinformation', 'NN'), ('hate', 'NN'), ('speech', 'NN')]","[('Meta', 'ORG')]",-0.3253787878787879,"['ask', 'the', 'expert', ':', 'what', 'Meta', '’', 'new', 'fact', '-', 'check', 'policy', 'mean', 'for', 'misinformation', 'and', 'hate', 'speech']"
Japan launches industry and academia tie-up to combat online disinformation,"['Japan', 'launches', 'industry', 'and', 'academia', 'tie-up', 'to', 'combat', 'online', 'disinformation']",['Japan launches industry and academia tie-up to combat online disinformation'],"['Japan', 'launches', 'industry', 'academia', 'tie-up', 'combat', 'online', 'disinformation']","[('Japan', 'NNP'), ('launches', 'VBZ'), ('industry', 'NN'), ('academia', 'NN'), ('tie-up', 'JJ'), ('combat', 'NN'), ('online', 'NN'), ('disinformation', 'NN')]","[('Japan', 'GPE')]",0.0,"['Japan', 'launch', 'industry', 'and', 'academia', 'tie', '-', 'up', 'to', 'combat', 'online', 'disinformation']"
Impact of Facebook and X shifting to user-driven moderation on Ghana’s fight against misinformation,"['Impact', 'of', 'Facebook', 'and', 'X', 'shifting', 'to', 'user-driven', 'moderation', 'on', 'Ghana', '’', 's', 'fight', 'against', 'misinformation']",['Impact of Facebook and X shifting to user-driven moderation on Ghana’s fight against misinformation'],"['Impact', 'Facebook', 'X', 'shifting', 'user-driven', 'moderation', 'Ghana', '’', 'fight', 'misinformation']","[('Impact', 'NNP'), ('Facebook', 'NNP'), ('X', 'NNP'), ('shifting', 'VBG'), ('user-driven', 'JJ'), ('moderation', 'NN'), ('Ghana', 'NNP'), ('’', 'NNP'), ('fight', 'VBD'), ('misinformation', 'NN')]","[('Ghana', 'GPE')]",0.0,"['impact', 'of', 'Facebook', 'and', 'X', 'shift', 'to', 'user', '-', 'drive', 'moderation', 'on', 'Ghana', '’s', 'fight', 'against', 'misinformation']"
Philippines launches comic book to counter China’s 'disinformation' in the disputed South China Sea,"['Philippines', 'launches', 'comic', 'book', 'to', 'counter', 'China', '’', 's', ""'disinformation"", ""'"", 'in', 'the', 'disputed', 'South', 'China', 'Sea']","[""Philippines launches comic book to counter China’s 'disinformation' in the disputed South China Sea""]","['Philippines', 'launches', 'comic', 'book', 'counter', 'China', '’', ""'disinformation"", ""'"", 'disputed', 'South', 'China', 'Sea']","[('Philippines', 'NNS'), ('launches', 'NNS'), ('comic', 'JJ'), ('book', 'NN'), ('counter', 'NN'), ('China', 'NNP'), ('’', 'NNP'), (""'disinformation"", 'NNP'), (""'"", 'POS'), ('disputed', 'VBN'), ('South', 'NNP'), ('China', 'NNP'), ('Sea', 'NNP')]","[('Philippines', 'GPE'), ('China', 'GPE'), ('South China Sea', 'LOC')]",0.25,"['Philippines', 'launch', 'comic', 'book', 'to', 'counter', 'China', '’s', ""'"", 'disinformation', ""'"", 'in', 'the', 'disputed', 'South', 'China', 'Sea']"
Malaysia uses AI to combat online fake news,"['Malaysia', 'uses', 'AI', 'to', 'combat', 'online', 'fake', 'news']",['Malaysia uses AI to combat online fake news'],"['Malaysia', 'uses', 'AI', 'combat', 'online', 'fake', 'news']","[('Malaysia', 'NNP'), ('uses', 'VBZ'), ('AI', 'NNP'), ('combat', 'NN'), ('online', 'NN'), ('fake', 'VBP'), ('news', 'NN')]","[('Malaysia', 'GPE'), ('AI', 'ORG')]",-0.5,"['Malaysia', 'use', 'AI', 'to', 'combat', 'online', 'fake', 'news']"
"Online safety laws should be urgently updated to stop repeat of last year's riots, leaked Home Office review states","['Online', 'safety', 'laws', 'should', 'be', 'urgently', 'updated', 'to', 'stop', 'repeat', 'of', 'last', 'year', ""'s"", 'riots', ',', 'leaked', 'Home', 'Office', 'review', 'states']","[""Online safety laws should be urgently updated to stop repeat of last year's riots, leaked Home Office review states""]","['Online', 'safety', 'laws', 'urgently', 'updated', 'stop', 'repeat', 'last', 'year', ""'s"", 'riots', ',', 'leaked', 'Home', 'Office', 'review', 'states']","[('Online', 'NNP'), ('safety', 'NN'), ('laws', 'NNS'), ('urgently', 'RB'), ('updated', 'VBN'), ('stop', 'NN'), ('repeat', 'NN'), ('last', 'JJ'), ('year', 'NN'), (""'s"", 'POS'), ('riots', 'NNS'), (',', ','), ('leaked', 'VBD'), ('Home', 'NNP'), ('Office', 'NNP'), ('review', 'NN'), ('states', 'NNS')]","[(""last year's"", 'DATE'), ('Home Office review', 'ORG')]",0.0,"['online', 'safety', 'law', 'should', 'be', 'urgently', 'update', 'to', 'stop', 'repeat', 'of', 'last', 'year', ""'s"", 'riot', ',', 'leak', 'Home', 'Office', 'review', 'state']"
Pakistan Cracks Down On Free Speech Online,"['Pakistan', 'Cracks', 'Down', 'On', 'Free', 'Speech', 'Online']",['Pakistan Cracks Down On Free Speech Online'],"['Pakistan', 'Cracks', 'Free', 'Speech', 'Online']","[('Pakistan', 'NNP'), ('Cracks', 'NNP'), ('Free', 'NNP'), ('Speech', 'NNP'), ('Online', 'NNP')]","[('Pakistan', 'GPE')]",0.12222222222222222,"['Pakistan', 'Cracks', 'down', 'on', 'Free', 'Speech', 'Online']"
State and press: Germany’s joint fight against disinformation,"['State', 'and', 'press', ':', 'Germany', '’', 's', 'joint', 'fight', 'against', 'disinformation']",['State and press: Germany’s joint fight against disinformation'],"['State', 'press', ':', 'Germany', '’', 'joint', 'fight', 'disinformation']","[('State', 'NN'), ('press', 'NN'), (':', ':'), ('Germany', 'NNP'), ('’', 'NNP'), ('joint', 'JJ'), ('fight', 'NN'), ('disinformation', 'NN')]","[('Germany', 'GPE')]",0.0,"['state', 'and', 'press', ':', 'Germany', '’s', 'joint', 'fight', 'against', 'disinformation']"
Justice Hogue claims 'disinformation' poses larger threat than foreign interference,"['Justice', 'Hogue', 'claims', ""'disinformation"", ""'"", 'poses', 'larger', 'threat', 'than', 'foreign', 'interference']","[""Justice Hogue claims 'disinformation' poses larger threat than foreign interference""]","['Justice', 'Hogue', 'claims', ""'disinformation"", ""'"", 'poses', 'larger', 'threat', 'foreign', 'interference']","[('Justice', 'NNP'), ('Hogue', 'NNP'), ('claims', 'VBZ'), (""'disinformation"", 'NN'), (""'"", ""''""), ('poses', 'NNS'), ('larger', 'JJR'), ('threat', 'NN'), ('foreign', 'JJ'), ('interference', 'NN')]","[('Hogue', 'PERSON')]",-0.0625,"['Justice', 'Hogue', 'claim', ""'"", 'disinformation', ""'"", 'pose', 'large', 'threat', 'than', 'foreign', 'interference']"
Speech Police Is Here: PECA Amendments Won’t Fix ‘Fake News’,"['Speech', 'Police', 'Is', 'Here', ':', 'PECA', 'Amendments', 'Won', '’', 't', 'Fix', '‘', 'Fake', 'News', '’']",['Speech Police Is Here: PECA Amendments Won’t Fix ‘Fake News’'],"['Speech', 'Police', ':', 'PECA', 'Amendments', '’', 'Fix', '‘', 'Fake', 'News', '’']","[('Speech', 'JJ'), ('Police', 'NNP'), (':', ':'), ('PECA', 'NN'), ('Amendments', 'NNS'), ('’', 'JJ'), ('Fix', 'NNP'), ('‘', 'NNP'), ('Fake', 'NNP'), ('News', 'NNP'), ('’', 'NN')]",[],-0.5,"['Speech', 'Police', 'be', 'here', ':', 'PECA', 'amendment', 'will', 'not', 'Fix', ""'"", 'Fake', 'news', ""'""]"
Poland accuses Russia of recruiting Polish citizens online for election meddling,"['Poland', 'accuses', 'Russia', 'of', 'recruiting', 'Polish', 'citizens', 'online', 'for', 'election', 'meddling']",['Poland accuses Russia of recruiting Polish citizens online for election meddling'],"['Poland', 'accuses', 'Russia', 'recruiting', 'Polish', 'citizens', 'online', 'election', 'meddling']","[('Poland', 'NNP'), ('accuses', 'VBZ'), ('Russia', 'NNP'), ('recruiting', 'VBG'), ('Polish', 'JJ'), ('citizens', 'NNS'), ('online', 'JJ'), ('election', 'NN'), ('meddling', 'NN')]","[('Poland', 'GPE'), ('Russia', 'GPE'), ('Polish', 'NORP')]",0.0,"['Poland', 'accuse', 'Russia', 'of', 'recruit', 'polish', 'citizen', 'online', 'for', 'election', 'meddling']"
Finland teaches 6-year-olds how to spot disinformation—and they might be better at it than you,"['Finland', 'teaches', '6-year-olds', 'how', 'to', 'spot', 'disinformation—and', 'they', 'might', 'be', 'better', 'at', 'it', 'than', 'you']",['Finland teaches 6-year-olds how to spot disinformation—and they might be better at it than you'],"['Finland', 'teaches', '6-year-olds', 'spot', 'disinformation—and', 'might', 'better']","[('Finland', 'NNP'), ('teaches', 'VBZ'), ('6-year-olds', 'JJ'), ('spot', 'NN'), ('disinformation—and', 'NN'), ('might', 'MD'), ('better', 'VB')]","[('Finland', 'GPE'), ('6-year-olds', 'DATE')]",0.5,"['Finland', 'teach', '6', '-', 'year', '-', 'old', 'how', 'to', 'spot', 'disinformation', '—', 'and', 'they', 'might', 'be', 'well', 'at', 'it', 'than', 'you']"
Pakistan Criminalizes Online Disinformation for up to Three Years in Prison,"['Pakistan', 'Criminalizes', 'Online', 'Disinformation', 'for', 'up', 'to', 'Three', 'Years', 'in', 'Prison']",['Pakistan Criminalizes Online Disinformation for up to Three Years in Prison'],"['Pakistan', 'Criminalizes', 'Online', 'Disinformation', 'Three', 'Years', 'Prison']","[('Pakistan', 'NNP'), ('Criminalizes', 'NNP'), ('Online', 'NNP'), ('Disinformation', 'NNP'), ('Three', 'CD'), ('Years', 'NNP'), ('Prison', 'NNP')]","[('Pakistan Criminalizes Online Disinformation', 'ORG'), ('up to Three Years', 'DATE')]",0.0,"['Pakistan', 'Criminalizes', 'Online', 'Disinformation', 'for', 'up', 'to', 'three', 'year', 'in', 'Prison']"
New school resource to fight online hate and disinformation,"['New', 'school', 'resource', 'to', 'fight', 'online', 'hate', 'and', 'disinformation']",['New school resource to fight online hate and disinformation'],"['New', 'school', 'resource', 'fight', 'online', 'hate', 'disinformation']","[('New', 'NNP'), ('school', 'NN'), ('resource', 'NN'), ('fight', 'NN'), ('online', 'NN'), ('hate', 'NN'), ('disinformation', 'NN')]",[],-0.33181818181818185,"['new', 'school', 'resource', 'to', 'fight', 'online', 'hate', 'and', 'disinformation']"
The Double-Edged Sword of Knowledge: Why we must protect truth in the age of misinformation,"['The', 'Double-Edged', 'Sword', 'of', 'Knowledge', ':', 'Why', 'we', 'must', 'protect', 'truth', 'in', 'the', 'age', 'of', 'misinformation']",['The Double-Edged Sword of Knowledge: Why we must protect truth in the age of misinformation'],"['Double-Edged', 'Sword', 'Knowledge', ':', 'must', 'protect', 'truth', 'age', 'misinformation']","[('Double-Edged', 'JJ'), ('Sword', 'NNP'), ('Knowledge', 'NNP'), (':', ':'), ('must', 'MD'), ('protect', 'VB'), ('truth', 'NN'), ('age', 'NN'), ('misinformation', 'NN')]",[],0.0,"['the', 'double', '-', 'edged', 'Sword', 'of', 'Knowledge', ':', 'why', 'we', 'must', 'protect', 'truth', 'in', 'the', 'age', 'of', 'misinformation']"
Global Leaders Unite To Combat Misinformation Threats,"['Global', 'Leaders', 'Unite', 'To', 'Combat', 'Misinformation', 'Threats']",['Global Leaders Unite To Combat Misinformation Threats'],"['Global', 'Leaders', 'Unite', 'Combat', 'Misinformation', 'Threats']","[('Global', 'JJ'), ('Leaders', 'NNP'), ('Unite', 'NNP'), ('Combat', 'NNP'), ('Misinformation', 'NNP'), ('Threats', 'NNP')]",[],0.0,"['Global', 'Leaders', 'Unite', 'to', 'Combat', 'Misinformation', 'Threats']"
Minister Aida Balayeva calls for increased vigilance on social media in fight against misinformation,"['Minister', 'Aida', 'Balayeva', 'calls', 'for', 'increased', 'vigilance', 'on', 'social', 'media', 'in', 'fight', 'against', 'misinformation']",['Minister Aida Balayeva calls for increased vigilance on social media in fight against misinformation'],"['Minister', 'Aida', 'Balayeva', 'calls', 'increased', 'vigilance', 'social', 'media', 'fight', 'misinformation']","[('Minister', 'NNP'), ('Aida', 'NNP'), ('Balayeva', 'NNP'), ('calls', 'VBZ'), ('increased', 'VBN'), ('vigilance', 'NN'), ('social', 'JJ'), ('media', 'NNS'), ('fight', 'JJ'), ('misinformation', 'NN')]","[('Aida Balayeva', 'PERSON')]",0.03333333333333333,"['Minister', 'Aida', 'Balayeva', 'call', 'for', 'increase', 'vigilance', 'on', 'social', 'medium', 'in', 'fight', 'against', 'misinformation']"
What Meta’s move to community moderation could mean for misinformation,"['What', 'Meta', '’', 's', 'move', 'to', 'community', 'moderation', 'could', 'mean', 'for', 'misinformation']",['What Meta’s move to community moderation could mean for misinformation'],"['Meta', '’', 'move', 'community', 'moderation', 'could', 'mean', 'misinformation']","[('Meta', 'NNP'), ('’', 'NNP'), ('move', 'NNP'), ('community', 'NN'), ('moderation', 'NN'), ('could', 'MD'), ('mean', 'VB'), ('misinformation', 'NN')]","[('Meta', 'ORG')]",-0.3125,"['what', 'Meta', '’s', 'move', 'to', 'community', 'moderation', 'could', 'mean', 'for', 'misinformation']"
False rumors of ICE raids spark panic in cities around U.S.,"['False', 'rumors', 'of', 'ICE', 'raids', 'spark', 'panic', 'in', 'cities', 'around', 'U.S', '.']",['False rumors of ICE raids spark panic in cities around U.S.'],"['False', 'rumors', 'ICE', 'raids', 'spark', 'panic', 'cities', 'around', 'U.S', '.']","[('False', 'JJ'), ('rumors', 'NNS'), ('ICE', 'NNP'), ('raids', 'NNS'), ('spark', 'NN'), ('panic', 'JJ'), ('cities', 'NNS'), ('around', 'IN'), ('U.S', 'NNP'), ('.', '.')]","[('ICE', 'ORG'), ('U.S.', 'GPE')]",-0.4000000000000001,"['false', 'rumor', 'of', 'ice', 'raid', 'spark', 'panic', 'in', 'city', 'around', 'U.S.']"
Social media without fact-checking will destabilize the Global South,"['Social', 'media', 'without', 'fact-checking', 'will', 'destabilize', 'the', 'Global', 'South']",['Social media without fact-checking will destabilize the Global South'],"['Social', 'media', 'without', 'fact-checking', 'destabilize', 'Global', 'South']","[('Social', 'JJ'), ('media', 'NNS'), ('without', 'IN'), ('fact-checking', 'JJ'), ('destabilize', 'NN'), ('Global', 'NNP'), ('South', 'NNP')]","[('the Global South', 'LOC')]",0.016666666666666666,"['social', 'medium', 'without', 'fact', '-', 'checking', 'will', 'destabilize', 'the', 'Global', 'South']"
Researchers found the most effective way to stop misinformation online and it's pretty simple,"['Researchers', 'found', 'the', 'most', 'effective', 'way', 'to', 'stop', 'misinformation', 'online', 'and', 'it', ""'s"", 'pretty', 'simple']","[""Researchers found the most effective way to stop misinformation online and it's pretty simple""]","['Researchers', 'found', 'effective', 'way', 'stop', 'misinformation', 'online', ""'s"", 'pretty', 'simple']","[('Researchers', 'NNS'), ('found', 'VBD'), ('effective', 'JJ'), ('way', 'NN'), ('stop', 'JJ'), ('misinformation', 'NN'), ('online', 'NN'), (""'s"", 'POS'), ('pretty', 'JJ'), ('simple', 'NN')]",[],0.3375,"['researcher', 'find', 'the', 'most', 'effective', 'way', 'to', 'stop', 'misinformation', 'online', 'and', 'it', 'be', 'pretty', 'simple']"
Fact check: Deportation misinformation in Germany,"['Fact', 'check', ':', 'Deportation', 'misinformation', 'in', 'Germany']",['Fact check: Deportation misinformation in Germany'],"['Fact', 'check', ':', 'Deportation', 'misinformation', 'Germany']","[('Fact', 'JJ'), ('check', 'NN'), (':', ':'), ('Deportation', 'NN'), ('misinformation', 'NN'), ('Germany', 'NNP')]","[('Germany', 'GPE')]",0.0,"['fact', 'check', ':', 'deportation', 'misinformation', 'in', 'Germany']"
Fact-checkers in Ethiopia take on disinformation amid rising tensions,"['Fact-checkers', 'in', 'Ethiopia', 'take', 'on', 'disinformation', 'amid', 'rising', 'tensions']",['Fact-checkers in Ethiopia take on disinformation amid rising tensions'],"['Fact-checkers', 'Ethiopia', 'take', 'disinformation', 'amid', 'rising', 'tensions']","[('Fact-checkers', 'NNS'), ('Ethiopia', 'NNP'), ('take', 'VB'), ('disinformation', 'NN'), ('amid', 'IN'), ('rising', 'VBG'), ('tensions', 'NNS')]","[('Ethiopia', 'GPE')]",0.0,"['fact', '-', 'checker', 'in', 'Ethiopia', 'take', 'on', 'disinformation', 'amid', 'rise', 'tension']"
Police warn of 'misinformation' being shared in social media posts in Windsor,"['Police', 'warn', 'of', ""'misinformation"", ""'"", 'being', 'shared', 'in', 'social', 'media', 'posts', 'in', 'Windsor']","[""Police warn of 'misinformation' being shared in social media posts in Windsor""]","['Police', 'warn', ""'misinformation"", ""'"", 'shared', 'social', 'media', 'posts', 'Windsor']","[('Police', 'NNP'), ('warn', 'VBD'), (""'misinformation"", 'NNP'), (""'"", 'POS'), ('shared', 'VBN'), ('social', 'JJ'), ('media', 'NNS'), ('posts', 'NNS'), ('Windsor', 'VBP')]",[],0.03333333333333333,"['Police', 'warn', 'of', ""'"", 'misinformation', ""'"", 'be', 'share', 'in', 'social', 'medium', 'post', 'in', 'windsor']"
"‘Doing this to ourselves’: misinformation threat is local, Australian Electoral Commission warns","['‘', 'Doing', 'this', 'to', 'ourselves', '’', ':', 'misinformation', 'threat', 'is', 'local', ',', 'Australian', 'Electoral', 'Commission', 'warns']","['‘Doing this to ourselves’: misinformation threat is local, Australian Electoral Commission warns']","['‘', '’', ':', 'misinformation', 'threat', 'local', ',', 'Australian', 'Electoral', 'Commission', 'warns']","[('‘', 'JJ'), ('’', 'NN'), (':', ':'), ('misinformation', 'NN'), ('threat', 'NN'), ('local', 'JJ'), (',', ','), ('Australian', 'JJ'), ('Electoral', 'NNP'), ('Commission', 'NNP'), ('warns', 'NNS')]","[('Australian Electoral Commission', 'ORG')]",0.0,"[""'"", 'do', 'this', 'to', 'ourselves', ""'"", ':', 'misinformation', 'threat', 'be', 'local', ',', 'Australian', 'Electoral', 'Commission', 'warn']"
Fact check: Deportation misinformation in Germany,"['Fact', 'check', ':', 'Deportation', 'misinformation', 'in', 'Germany']",['Fact check: Deportation misinformation in Germany'],"['Fact', 'check', ':', 'Deportation', 'misinformation', 'Germany']","[('Fact', 'JJ'), ('check', 'NN'), (':', ':'), ('Deportation', 'NN'), ('misinformation', 'NN'), ('Germany', 'NNP')]","[('Germany', 'GPE')]",0.0,"['fact', 'check', ':', 'deportation', 'misinformation', 'in', 'Germany']"
The eye of misinformation: How unchecked news platforms spread fear and divide communities,"['The', 'eye', 'of', 'misinformation', ':', 'How', 'unchecked', 'news', 'platforms', 'spread', 'fear', 'and', 'divide', 'communities']",['The eye of misinformation: How unchecked news platforms spread fear and divide communities'],"['eye', 'misinformation', ':', 'unchecked', 'news', 'platforms', 'spread', 'fear', 'divide', 'communities']","[('eye', 'NN'), ('misinformation', 'NN'), (':', ':'), ('unchecked', 'JJ'), ('news', 'NN'), ('platforms', 'NNS'), ('spread', 'VBP'), ('fear', 'JJ'), ('divide', 'NN'), ('communities', 'NNS')]",[],0.0,"['the', 'eye', 'of', 'misinformation', ':', 'how', 'unchecked', 'news', 'platform', 'spread', 'fear', 'and', 'divide', 'community']"
Stakeholders call for framework to mitigate election disinformation in Nigeria - Dubawa,"['Stakeholders', 'call', 'for', 'framework', 'to', 'mitigate', 'election', 'disinformation', 'in', 'Nigeria', '-', 'Dubawa']",['Stakeholders call for framework to mitigate election disinformation in Nigeria - Dubawa'],"['Stakeholders', 'call', 'framework', 'mitigate', 'election', 'disinformation', 'Nigeria', '-', 'Dubawa']","[('Stakeholders', 'NNS'), ('call', 'VBP'), ('framework', 'NN'), ('mitigate', 'NN'), ('election', 'NN'), ('disinformation', 'NN'), ('Nigeria', 'NNP'), ('-', ':'), ('Dubawa', 'NN')]","[('Nigeria', 'GPE')]",0.0,"['stakeholder', 'call', 'for', 'framework', 'to', 'mitigate', 'election', 'disinformation', 'in', 'Nigeria', '-', 'Dubawa']"
No way to know if 'misleading information' affected election results in B.C. riding: report,"['No', 'way', 'to', 'know', 'if', ""'misleading"", 'information', ""'"", 'affected', 'election', 'results', 'in', 'B.C', '.', 'riding', ':', 'report']","[""No way to know if 'misleading information' affected election results in B.C."", 'riding: report']","['way', 'know', ""'misleading"", 'information', ""'"", 'affected', 'election', 'results', 'B.C', '.', 'riding', ':', 'report']","[('way', 'NN'), ('know', 'VBP'), (""'misleading"", 'VBG'), ('information', 'NN'), (""'"", ""''""), ('affected', 'JJ'), ('election', 'NN'), ('results', 'NNS'), ('B.C', 'NNP'), ('.', '.'), ('riding', 'NN'), (':', ':'), ('report', 'NN')]","[('B.C.', 'GPE')]",0.0,"['no', 'way', 'to', 'know', 'if', ""'"", 'mislead', 'information', ""'"", 'affect', 'election', 'result', 'in', 'B.C.', 'riding', ':', 'report']"
DICT deploys teams to combat election-related misinformation,"['DICT', 'deploys', 'teams', 'to', 'combat', 'election-related', 'misinformation']",['DICT deploys teams to combat election-related misinformation'],"['DICT', 'deploys', 'teams', 'combat', 'election-related', 'misinformation']","[('DICT', 'NNP'), ('deploys', 'VBZ'), ('teams', 'NNS'), ('combat', 'VBP'), ('election-related', 'JJ'), ('misinformation', 'NN')]","[('DICT', 'ORG')]",0.0,"['dict', 'deploy', 'team', 'to', 'combat', 'election', '-', 'relate', 'misinformation']"
DICT deploys teams to combat election-related misinformation,"['DICT', 'deploys', 'teams', 'to', 'combat', 'election-related', 'misinformation']",['DICT deploys teams to combat election-related misinformation'],"['DICT', 'deploys', 'teams', 'combat', 'election-related', 'misinformation']","[('DICT', 'NNP'), ('deploys', 'VBZ'), ('teams', 'NNS'), ('combat', 'VBP'), ('election-related', 'JJ'), ('misinformation', 'NN')]","[('DICT', 'ORG')]",0.0,"['dict', 'deploy', 'team', 'to', 'combat', 'election', '-', 'relate', 'misinformation']"
5 things we learned from the final report on foreign interference,"['5', 'things', 'we', 'learned', 'from', 'the', 'final', 'report', 'on', 'foreign', 'interference']",['5 things we learned from the final report on foreign interference'],"['5', 'things', 'learned', 'final', 'report', 'foreign', 'interference']","[('5', 'CD'), ('things', 'NNS'), ('learned', 'VBD'), ('final', 'JJ'), ('report', 'NN'), ('foreign', 'JJ'), ('interference', 'NN')]","[('5', 'CARDINAL')]",-0.0625,"['5', 'thing', 'we', 'learn', 'from', 'the', 'final', 'report', 'on', 'foreign', 'interference']"
Manipulation from Abroad: German Election Campaign Flooded with Fake News and Videos,"['Manipulation', 'from', 'Abroad', ':', 'German', 'Election', 'Campaign', 'Flooded', 'with', 'Fake', 'News', 'and', 'Videos']",['Manipulation from Abroad: German Election Campaign Flooded with Fake News and Videos'],"['Manipulation', 'Abroad', ':', 'German', 'Election', 'Campaign', 'Flooded', 'Fake', 'News', 'Videos']","[('Manipulation', 'NN'), ('Abroad', 'NN'), (':', ':'), ('German', 'JJ'), ('Election', 'NNP'), ('Campaign', 'NNP'), ('Flooded', 'NNP'), ('Fake', 'NNP'), ('News', 'NNP'), ('Videos', 'NNP')]","[('Fake News', 'ORG'), ('Videos', 'GPE')]",-0.25,"['manipulation', 'from', 'abroad', ':', 'German', 'Election', 'Campaign', 'flood', 'with', 'Fake', 'News', 'and', 'Videos']"
Concerns About AI Election Impacts Are Overblown (So Far),"['Concerns', 'About', 'AI', 'Election', 'Impacts', 'Are', 'Overblown', '(', 'So', 'Far', ')']",['Concerns About AI Election Impacts Are Overblown (So Far)'],"['Concerns', 'AI', 'Election', 'Impacts', 'Overblown', '(', 'Far', ')']","[('Concerns', 'NNS'), ('AI', 'NNP'), ('Election', 'NNP'), ('Impacts', 'NNP'), ('Overblown', 'NNP'), ('(', '('), ('Far', 'NNP'), (')', ')')]",[],0.1,"['concern', 'about', 'AI', 'Election', 'impact', 'be', 'Overblown', '(', 'so', 'Far', ')']"
"On politics and health, trust and vaccine misinformation: former Chief Medical Officer reflects upon COVID-19 pandemic","['On', 'politics', 'and', 'health', ',', 'trust', 'and', 'vaccine', 'misinformation', ':', 'former', 'Chief', 'Medical', 'Officer', 'reflects', 'upon', 'COVID-19', 'pandemic']","['On politics and health, trust and vaccine misinformation: former Chief Medical Officer reflects upon COVID-19 pandemic']","['politics', 'health', ',', 'trust', 'vaccine', 'misinformation', ':', 'former', 'Chief', 'Medical', 'Officer', 'reflects', 'upon', 'COVID-19', 'pandemic']","[('politics', 'NNS'), ('health', 'NN'), (',', ','), ('trust', 'NN'), ('vaccine', 'NN'), ('misinformation', 'NN'), (':', ':'), ('former', 'JJ'), ('Chief', 'NNP'), ('Medical', 'NNP'), ('Officer', 'NNP'), ('reflects', 'VBZ'), ('upon', 'IN'), ('COVID-19', 'NNP'), ('pandemic', 'NN')]","[('COVID-19', 'ORG')]",0.0,"['on', 'politic', 'and', 'health', ',', 'trust', 'and', 'vaccine', 'misinformation', ':', 'former', 'Chief', 'Medical', 'Officer', 'reflect', 'upon', 'COVID-19', 'pandemic']"
Alberta doctors criticize provincial COVID-19 report as harmful 'anti-science',"['Alberta', 'doctors', 'criticize', 'provincial', 'COVID-19', 'report', 'as', 'harmful', ""'anti-science"", ""'""]","[""Alberta doctors criticize provincial COVID-19 report as harmful 'anti-science'""]","['Alberta', 'doctors', 'criticize', 'provincial', 'COVID-19', 'report', 'harmful', ""'anti-science"", ""'""]","[('Alberta', 'NNP'), ('doctors', 'NNS'), ('criticize', 'VBP'), ('provincial', 'JJ'), ('COVID-19', 'NNP'), ('report', 'NN'), ('harmful', 'VBD'), (""'anti-science"", 'CD'), (""'"", ""''"")]","[('Alberta', 'GPE'), ('COVID-19', 'ORG')]",0.0,"['Alberta', 'doctor', 'criticize', 'provincial', 'covid-19', 'report', 'as', 'harmful', ""'"", 'anti', '-', 'science', ""'""]"
'Sows distrust': Alberta doctors slam government COVID-19 task force report as 'misinformation',"[""'Sows"", 'distrust', ""'"", ':', 'Alberta', 'doctors', 'slam', 'government', 'COVID-19', 'task', 'force', 'report', 'as', ""'misinformation"", ""'""]","[""'Sows distrust': Alberta doctors slam government COVID-19 task force report as 'misinformation'""]","[""'Sows"", 'distrust', ""'"", ':', 'Alberta', 'doctors', 'slam', 'government', 'COVID-19', 'task', 'force', 'report', ""'misinformation"", ""'""]","[(""'Sows"", 'NNS'), ('distrust', 'VBP'), (""'"", ""''""), (':', ':'), ('Alberta', 'NNP'), ('doctors', 'NNS'), ('slam', 'JJ'), ('government', 'NN'), ('COVID-19', 'NNP'), ('task', 'NN'), ('force', 'NN'), ('report', 'NN'), (""'misinformation"", 'NN'), (""'"", ""''"")]","[('Alberta', 'GPE'), ('COVID-19', 'ORG')]",0.0,"[""'"", 'sow', 'distrust', ""'"", ':', 'Alberta', 'doctor', 'slam', 'government', 'COVID-19', 'task', 'force', 'report', 'as', ""'"", 'misinformation', ""'""]"
'Sows distrust': Alberta doctors slam government COVID-19 task force report as 'misinformation',"[""'Sows"", 'distrust', ""'"", ':', 'Alberta', 'doctors', 'slam', 'government', 'COVID-19', 'task', 'force', 'report', 'as', ""'misinformation"", ""'""]","[""'Sows distrust': Alberta doctors slam government COVID-19 task force report as 'misinformation'""]","[""'Sows"", 'distrust', ""'"", ':', 'Alberta', 'doctors', 'slam', 'government', 'COVID-19', 'task', 'force', 'report', ""'misinformation"", ""'""]","[(""'Sows"", 'NNS'), ('distrust', 'VBP'), (""'"", ""''""), (':', ':'), ('Alberta', 'NNP'), ('doctors', 'NNS'), ('slam', 'JJ'), ('government', 'NN'), ('COVID-19', 'NNP'), ('task', 'NN'), ('force', 'NN'), ('report', 'NN'), (""'misinformation"", 'NN'), (""'"", ""''"")]","[('Alberta', 'GPE'), ('COVID-19', 'ORG')]",0.0,"[""'"", 'sow', 'distrust', ""'"", ':', 'Alberta', 'doctor', 'slam', 'government', 'COVID-19', 'task', 'force', 'report', 'as', ""'"", 'misinformation', ""'""]"
Alberta doctors push back on provincial COVID-19 task force report,"['Alberta', 'doctors', 'push', 'back', 'on', 'provincial', 'COVID-19', 'task', 'force', 'report']",['Alberta doctors push back on provincial COVID-19 task force report'],"['Alberta', 'doctors', 'push', 'back', 'provincial', 'COVID-19', 'task', 'force', 'report']","[('Alberta', 'NNP'), ('doctors', 'NNS'), ('push', 'VBP'), ('back', 'RB'), ('provincial', 'JJ'), ('COVID-19', 'NNP'), ('task', 'NN'), ('force', 'NN'), ('report', 'NN')]","[('Alberta', 'GPE'), ('COVID-19', 'ORG')]",0.0,"['Alberta', 'doctor', 'push', 'back', 'on', 'provincial', 'covid-19', 'task', 'force', 'report']"
CIA says Covid 'more likely' to have leaked from lab,"['CIA', 'says', 'Covid', ""'more"", 'likely', ""'"", 'to', 'have', 'leaked', 'from', 'lab']","[""CIA says Covid 'more likely' to have leaked from lab""]","['CIA', 'says', 'Covid', ""'more"", 'likely', ""'"", 'leaked', 'lab']","[('CIA', 'NNP'), ('says', 'VBZ'), ('Covid', 'NNP'), (""'more"", 'RBR'), ('likely', 'JJ'), (""'"", 'POS'), ('leaked', 'VBN'), ('lab', 'NN')]","[('CIA', 'ORG'), ('Covid', 'PERSON')]",0.25,"['CIA', 'say', 'Covid', ""'"", 'more', 'likely', ""'"", 'to', 'have', 'leak', 'from', 'lab']"
I saw during COVID what RFK Jr.'s brand of skepticism could do | Op-Ed,"['I', 'saw', 'during', 'COVID', 'what', 'RFK', 'Jr.', ""'s"", 'brand', 'of', 'skepticism', 'could', 'do', '|', 'Op-Ed']","[""I saw during COVID what RFK Jr.'s brand of skepticism could do | Op-Ed""]","['saw', 'COVID', 'RFK', 'Jr.', ""'s"", 'brand', 'skepticism', 'could', '|', 'Op-Ed']","[('saw', 'NN'), ('COVID', 'NNP'), ('RFK', 'NNP'), ('Jr.', 'NNP'), (""'s"", 'POS'), ('brand', 'NN'), ('skepticism', 'NN'), ('could', 'MD'), ('|', 'VB'), ('Op-Ed', 'NNP')]","[(""RFK Jr.'s"", 'ORG'), ('Op-Ed', 'PERSON')]",0.0,"['I', 'see', 'during', 'COVID', 'what', 'RFK', 'Jr.', ""'s"", 'brand', 'of', 'skepticism', 'could', 'do', '|', 'Op', '-', 'Ed']"
NGOs defend breastfeeding as COVID-19 misinformation rages,"['NGOs', 'defend', 'breastfeeding', 'as', 'COVID-19', 'misinformation', 'rages']",['NGOs defend breastfeeding as COVID-19 misinformation rages'],"['NGOs', 'defend', 'breastfeeding', 'COVID-19', 'misinformation', 'rages']","[('NGOs', 'NNP'), ('defend', 'VBP'), ('breastfeeding', 'VBG'), ('COVID-19', 'NNP'), ('misinformation', 'NN'), ('rages', 'NNS')]","[('COVID-19', 'ORG')]",0.0,"['NGOs', 'defend', 'breastfeed', 'as', 'COVID-19', 'misinformation', 'rage']"
Timmins city clerk promoting health misinformation on social media,"['Timmins', 'city', 'clerk', 'promoting', 'health', 'misinformation', 'on', 'social', 'media']",['Timmins city clerk promoting health misinformation on social media'],"['Timmins', 'city', 'clerk', 'promoting', 'health', 'misinformation', 'social', 'media']","[('Timmins', 'NNP'), ('city', 'NN'), ('clerk', 'NN'), ('promoting', 'VBG'), ('health', 'NN'), ('misinformation', 'NN'), ('social', 'JJ'), ('media', 'NNS')]",[],0.03333333333333333,"['timmin', 'city', 'clerk', 'promote', 'health', 'misinformation', 'on', 'social', 'medium']"
Vaccine misinformation: A lasting side effect from Covid,"['Vaccine', 'misinformation', ':', 'A', 'lasting', 'side', 'effect', 'from', 'Covid']",['Vaccine misinformation: A lasting side effect from Covid'],"['Vaccine', 'misinformation', ':', 'lasting', 'side', 'effect', 'Covid']","[('Vaccine', 'JJ'), ('misinformation', 'NN'), (':', ':'), ('lasting', 'JJ'), ('side', 'NN'), ('effect', 'NN'), ('Covid', 'NNP')]","[('Vaccine', 'PERSON'), ('Covid', 'PERSON')]",0.0,"['Vaccine', 'misinformation', ':', 'a', 'last', 'side', 'effect', 'from', 'Covid']"
BBC blasted for 'incredible misinformation' about Brexit after broadcaster 'ignored' facts shared by expert,"['BBC', 'blasted', 'for', ""'incredible"", 'misinformation', ""'"", 'about', 'Brexit', 'after', 'broadcaster', ""'ignored"", ""'"", 'facts', 'shared', 'by', 'expert']","[""BBC blasted for 'incredible misinformation' about Brexit after broadcaster 'ignored' facts shared by expert""]","['BBC', 'blasted', ""'incredible"", 'misinformation', ""'"", 'Brexit', 'broadcaster', ""'ignored"", ""'"", 'facts', 'shared', 'expert']","[('BBC', 'NNP'), ('blasted', 'VBD'), (""'incredible"", 'JJ'), ('misinformation', 'NN'), (""'"", 'POS'), ('Brexit', 'NNP'), ('broadcaster', 'NN'), (""'ignored"", 'VBD'), (""'"", 'POS'), ('facts', 'NNS'), ('shared', 'VBD'), ('expert', 'NN')]","[('BBC', 'ORG'), ('Brexit', 'PERSON')]",0.15000000000000002,"['BBC', 'blast', 'for', ""'"", 'incredible', 'misinformation', ""'"", 'about', 'Brexit', 'after', 'broadcaster', ""'"", 'ignore', ""'"", 'fact', 'share', 'by', 'expert']"
"Letters, Jan 31: With Justin Trudeau, the M in PM stands for misinformation","['Letters', ',', 'Jan', '31', ':', 'With', 'Justin', 'Trudeau', ',', 'the', 'M', 'in', 'PM', 'stands', 'for', 'misinformation']","['Letters, Jan 31: With Justin Trudeau, the M in PM stands for misinformation']","['Letters', ',', 'Jan', '31', ':', 'Justin', 'Trudeau', ',', 'PM', 'stands', 'misinformation']","[('Letters', 'NNS'), (',', ','), ('Jan', 'NNP'), ('31', 'CD'), (':', ':'), ('Justin', 'NNP'), ('Trudeau', 'NNP'), (',', ','), ('PM', 'NNP'), ('stands', 'VBZ'), ('misinformation', 'NN')]","[('Jan 31', 'DATE'), ('Justin Trudeau', 'PERSON')]",0.0,"['letter', ',', 'Jan', '31', ':', 'with', 'Justin', 'Trudeau', ',', 'the', 'M', 'in', 'PM', 'stand', 'for', 'misinformation']"
"The Palisades Fire Conspiracy: A Tale Of Fear, Misinformation, And Reality","['The', 'Palisades', 'Fire', 'Conspiracy', ':', 'A', 'Tale', 'Of', 'Fear', ',', 'Misinformation', ',', 'And', 'Reality']","['The Palisades Fire Conspiracy: A Tale Of Fear, Misinformation, And Reality']","['Palisades', 'Fire', 'Conspiracy', ':', 'Tale', 'Fear', ',', 'Misinformation', ',', 'Reality']","[('Palisades', 'NNP'), ('Fire', 'NNP'), ('Conspiracy', 'NN'), (':', ':'), ('Tale', 'JJ'), ('Fear', 'NNP'), (',', ','), ('Misinformation', 'NNP'), (',', ','), ('Reality', 'NNP')]","[('The Palisades Fire Conspiracy:', 'ORG'), ('A Tale Of Fear, Misinformation', 'WORK_OF_ART')]",0.0,"['the', 'Palisades', 'Fire', 'Conspiracy', ':', 'a', 'Tale', 'of', 'Fear', ',', 'Misinformation', ',', 'and', 'reality']"
How brand values and messaging can combat misinformation,"['How', 'brand', 'values', 'and', 'messaging', 'can', 'combat', 'misinformation']",['How brand values and messaging can combat misinformation'],"['brand', 'values', 'messaging', 'combat', 'misinformation']","[('brand', 'NN'), ('values', 'NNS'), ('messaging', 'VBG'), ('combat', 'NN'), ('misinformation', 'NN')]",[],0.0,"['how', 'brand', 'value', 'and', 'message', 'can', 'combat', 'misinformation']"
How misinformation threatens to smother the most innovative brands,"['How', 'misinformation', 'threatens', 'to', 'smother', 'the', 'most', 'innovative', 'brands']",['How misinformation threatens to smother the most innovative brands'],"['misinformation', 'threatens', 'smother', 'innovative', 'brands']","[('misinformation', 'NN'), ('threatens', 'VBZ'), ('smother', 'RB'), ('innovative', 'JJ'), ('brands', 'NNS')]",[],0.5,"['how', 'misinformation', 'threaten', 'to', 'smother', 'the', 'most', 'innovative', 'brand']"
Tibetan President in exile stresses preservation of Tibetan identity amidst Chinese misinformation,"['Tibetan', 'President', 'in', 'exile', 'stresses', 'preservation', 'of', 'Tibetan', 'identity', 'amidst', 'Chinese', 'misinformation']",['Tibetan President in exile stresses preservation of Tibetan identity amidst Chinese misinformation'],"['Tibetan', 'President', 'exile', 'stresses', 'preservation', 'Tibetan', 'identity', 'amidst', 'Chinese', 'misinformation']","[('Tibetan', 'NNP'), ('President', 'NNP'), ('exile', 'NN'), ('stresses', 'VBZ'), ('preservation', 'NN'), ('Tibetan', 'NNP'), ('identity', 'NN'), ('amidst', 'NN'), ('Chinese', 'JJ'), ('misinformation', 'NN')]","[('Tibetan', 'NORP'), ('Tibetan', 'NORP'), ('Chinese', 'NORP')]",0.0,"['tibetan', 'President', 'in', 'exile', 'stress', 'preservation', 'of', 'tibetan', 'identity', 'amidst', 'chinese', 'misinformation']"
"‘Doing this to ourselves’: misinformation threat is local, Australian Electoral Commission warns","['‘', 'Doing', 'this', 'to', 'ourselves', '’', ':', 'misinformation', 'threat', 'is', 'local', ',', 'Australian', 'Electoral', 'Commission', 'warns']","['‘Doing this to ourselves’: misinformation threat is local, Australian Electoral Commission warns']","['‘', '’', ':', 'misinformation', 'threat', 'local', ',', 'Australian', 'Electoral', 'Commission', 'warns']","[('‘', 'JJ'), ('’', 'NN'), (':', ':'), ('misinformation', 'NN'), ('threat', 'NN'), ('local', 'JJ'), (',', ','), ('Australian', 'JJ'), ('Electoral', 'NNP'), ('Commission', 'NNP'), ('warns', 'NNS')]","[('Australian Electoral Commission', 'ORG')]",0.0,"[""'"", 'do', 'this', 'to', 'ourselves', ""'"", ':', 'misinformation', 'threat', 'be', 'local', ',', 'Australian', 'Electoral', 'Commission', 'warn']"
QNET India Region Franchise Vihaan Direct Selling Wins Order Against Misinformation by Organiser.org,"['QNET', 'India', 'Region', 'Franchise', 'Vihaan', 'Direct', 'Selling', 'Wins', 'Order', 'Against', 'Misinformation', 'by', 'Organiser.org']",['QNET India Region Franchise Vihaan Direct Selling Wins Order Against Misinformation by Organiser.org'],"['QNET', 'India', 'Region', 'Franchise', 'Vihaan', 'Direct', 'Selling', 'Wins', 'Order', 'Misinformation', 'Organiser.org']","[('QNET', 'NNP'), ('India', 'NNP'), ('Region', 'NNP'), ('Franchise', 'NNP'), ('Vihaan', 'NNP'), ('Direct', 'NNP'), ('Selling', 'NNP'), ('Wins', 'VBZ'), ('Order', 'NNP'), ('Misinformation', 'NNP'), ('Organiser.org', 'NNP')]","[('QNET India Region', 'ORG'), ('Organiser.org', 'ORG')]",0.2,"['QNET', 'India', 'Region', 'Franchise', 'Vihaan', 'Direct', 'Selling', 'win', 'order', 'against', 'Misinformation', 'by', 'Organiser.org']"
Global Leaders Unite To Combat Misinformation Threats,"['Global', 'Leaders', 'Unite', 'To', 'Combat', 'Misinformation', 'Threats']",['Global Leaders Unite To Combat Misinformation Threats'],"['Global', 'Leaders', 'Unite', 'Combat', 'Misinformation', 'Threats']","[('Global', 'JJ'), ('Leaders', 'NNP'), ('Unite', 'NNP'), ('Combat', 'NNP'), ('Misinformation', 'NNP'), ('Threats', 'NNP')]",[],0.0,"['Global', 'Leaders', 'Unite', 'to', 'Combat', 'Misinformation', 'Threats']"
How an error kicked off asylum-seeker visa misinformation,"['How', 'an', 'error', 'kicked', 'off', 'asylum-seeker', 'visa', 'misinformation']",['How an error kicked off asylum-seeker visa misinformation'],"['error', 'kicked', 'asylum-seeker', 'visa', 'misinformation']","[('error', 'NN'), ('kicked', 'VBD'), ('asylum-seeker', 'NN'), ('visa', 'NN'), ('misinformation', 'NN')]",[],0.0,"['how', 'an', 'error', 'kick', 'off', 'asylum', '-', 'seeker', 'visa', 'misinformation']"
